id,brand,line_id,color_no,color_name,image_url,pattern_id,pattern_url,pc_season,review_count,L,a,b,hue,saturation,brightness,pigmentation,girly,makeup_intensity,konare,sweetness,korean,notes
rmd_the_juicy_lasting_01,rom&nd,the_juicy_lasting,1,ポメロスキン,https://cloudflare.lipscosme.com/image/8cf22155add736274c1c1226-1740115256.png?auto=avif%2Cwebp&fio=1&orient=1&width=1424,415645,https://lipscosme.com/product_patterns/415645,"イエベ春,イエベ秋",,,,,,,,,,,,,,
rmd_the_juicy_lasting_02,rom&nd,the_juicy_lasting,2,ヌカダミア,https://cloudflare.lipscosme.com/image/20f1250dceb5d4821b6d5583-1740115222.png?auto=avif%2Cwebp&fio=1&orient=1&width=1424,415646,https://lipscosme.com/product_patterns/415646,"イエベ秋,ブルベ夏",,,,,,,,,,,,,,
rmd_the_juicy_lasting_03,rom&nd,the_juicy_lasting,3,ベアーグレープ,https://cloudflare.lipscosme.com/image/c9d8fd385f445c30cdf79a42-1740115179.png?auto=avif%2Cwebp&fio=1&orient=1&width=1424,415647,https://lipscosme.com/product_patterns/415647,ブルベ夏,,,,,,,,,,,,,,
rmd_the_juicy_lasting_04,rom&nd,the_juicy_lasting,4,フィグフィグ,https://cloudflare.lipscosme.com/image/a127310b57c669930163ed2a-1740115128.png?auto=avif%2Cwebp&fio=1&orient=1&width=1424,415648,https://lipscosme.com/product_patterns/415648,"ブルベ夏,イエベ春",,,,,,,,,,,,,,
rmd_the_juicy_lasting_05,rom&nd,the_juicy_lasting,5,ジュジュブ,https://cloudflare.lipscosme.com/image/04dd9f63eadf4c62d4ed9d10-1740115082.png?auto=avif%2Cwebp&fio=1&orient=1&width=1424,415649,https://lipscosme.com/product_patterns/415649,"イエベ春,ブルベ夏",,,,,,,,,,,,,,
rmd_the_juicy_lasting_06,rom&nd,the_juicy_lasting,6,ピーリングエンドゥ,https://cloudflare.lipscosme.com/image/0b5c9a8f0266bf7706394504-1740115024.png?auto=avif%2Cwebp&fio=1&orient=1&width=1424,415650,https://lipscosme.com/product_patterns/415650,"ブルベ夏,ブルベ冬",,,,,,,,,,,,,,
rmd_the_juicy_lasting_07,rom&nd,the_juicy_lasting,7,チェリーボム,https://cloudflare.lipscosme.com/image/2dfc7bf62a2c4678ae89b21b-1731545059.png?auto=avif%2Cwebp&fio=1&orient=1&width=1424,415651,https://lipscosme.com/product_patterns/415651,"ブルベ冬,イエベ・ブルベ問わず",,,,,,,,,,,,,,
rmd_the_juicy_lasting_08,rom&nd,the_juicy_lasting,8,ピンクパンプキン,https://cloudflare.lipscosme.com/image/cd22929ccb2c32cd0885a9e6-1740114627.png?auto=avif%2Cwebp&fio=1&orient=1&width=1424,415652,https://lipscosme.com/product_patterns/415652,"イエベ・ブルベ問わず,イエベ春",,,,,,,,,,,,,,
rmd_the_juicy_lasting_09,rom&nd,the_juicy_lasting,9,マルドピーチ,https://cloudflare.lipscosme.com/image/24d182211d31699b63a7e698-1740114578.png?auto=avif%2Cwebp&fio=1&orient=1&width=1424,415653,https://lipscosme.com/product_patterns/415653,イエベ春,,,,,,,,,,,,,,
rmd_the_juicy_lasting_10,rom&nd,the_juicy_lasting,10,ベアアプリコット,https://cloudflare.lipscosme.com/image/43f845820ee28be2d8fafe5c-1731545097.png?auto=avif%2Cwebp&fio=1&orient=1&width=1424,415654,https://lipscosme.com/product_patterns/415654,イエベ春,,,,,,,,,,,,,,
rmd_the_juicy_lasting_11,rom&nd,the_juicy_lasting,11,パパイヤジャム,https://cloudflare.lipscosme.com/image/2a566261369e9e53080207ed-1740114347.png?auto=avif%2Cwebp&fio=1&orient=1&width=1424,415655,https://lipscosme.com/product_patterns/415655,"イエベ春,イエベ・ブルベ問わず",,,,,,,,,,,,,,
rmd_the_juicy_lasting_12,rom&nd,the_juicy_lasting,12,アップルブラウン,https://cloudflare.lipscosme.com/image/a32918897f64272a968cd5c9-1740112691.png?auto=avif%2Cwebp&fio=1&orient=1&width=1424,421057,https://lipscosme.com/product_patterns/421057,"イエベ・ブルベ問わず,イエベ秋",,,,,,,,,,,,,,
rmd_the_juicy_lasting_13,rom&nd,the_juicy_lasting,13,イートドリ,https://cloudflare.lipscosme.com/image/a1157124eeb60670b3c80d31-1740112596.png?auto=avif%2Cwebp&fio=1&orient=1&width=1424,421058,https://lipscosme.com/product_patterns/421058,"イエベ秋,ブルベ夏",,,,,,,,,,,,,,
rmd_the_juicy_lasting_14,rom&nd,the_juicy_lasting,14,アーモンドローズ,https://cloudflare.lipscosme.com/image/10324e5eb45c25efa212f8b1-1740114292.png?auto=avif%2Cwebp&fio=1&orient=1&width=1424,415656,https://lipscosme.com/product_patterns/415656,"ブルベ夏,ブルベ冬",,,,,,,,,,,,,,
rmd_the_juicy_lasting_15,rom&nd,the_juicy_lasting,15,ベアフィグ,https://cloudflare.lipscosme.com/image/20ef671a6ba4bf280e316dce-1740114228.png?auto=avif%2Cwebp&fio=1&orient=1&width=1424,415657,https://lipscosme.com/product_patterns/415657,ブルベ冬,,,,,,,,,,,,,,
rmd_the_juicy_lasting_16,rom&nd,the_juicy_lasting,16,プラムコーク,https://cloudflare.lipscosme.com/image/04a1f3164fef127851cb4466-1740114171.png?auto=avif%2Cwebp&fio=1&orient=1&width=1424,415658,https://lipscosme.com/product_patterns/415658,ブルベ冬,,,,,,,,,,,,,,
rmd_the_juicy_lasting_17,rom&nd,the_juicy_lasting,17,ダークココナッツ,https://cloudflare.lipscosme.com/image/2acaf790e2a1320a50020ede-1740112547.png?auto=avif%2Cwebp&fio=1&orient=1&width=1424,421059,https://lipscosme.com/product_patterns/421059,"ブルベ冬,イエベ春",,,,,,,,,,,,,,
rmd_the_juicy_lasting_18,rom&nd,the_juicy_lasting,18,ジュジュブジャム(日本限定),https://cloudflare.lipscosme.com/image/5eb22a77005fd7a17694845a-1739771507.png?auto=avif%2Cwebp&fio=1&orient=1&width=1424,421060,https://lipscosme.com/product_patterns/421060,"イエベ春,イエベ・ブルベ問わず",,,,,,,,,,,,,,
rmd_the_juicy_lasting_19,rom&nd,the_juicy_lasting,19,サマーセント,https://cloudflare.lipscosme.com/image/1ae74224683982e1ca158cf3-1731545151.png?auto=avif%2Cwebp&fio=1&orient=1&width=1424,415659,https://lipscosme.com/product_patterns/415659,イエベ・ブルベ問わず,,,,,,,,,,,,,,
rmd_the_juicy_lasting_20,rom&nd,the_juicy_lasting,20,ジュジュフィグ,https://cloudflare.lipscosme.com/image/b948a5ef3b91c6d96a91c3a6-1740113155.png?auto=avif%2Cwebp&fio=1&orient=1&width=1424,415660,https://lipscosme.com/product_patterns/415660,"イエベ・ブルベ問わず,ブルベ冬,ブルベ夏",,,,,,,,,,,,,,
rmd_the_juicy_lasting_21,rom&nd,the_juicy_lasting,21,グレープボム,https://cloudflare.lipscosme.com/image/e74a31c5efdd0c7979fb4190-1740113084.png?auto=avif%2Cwebp&fio=1&orient=1&width=1424,415661,https://lipscosme.com/product_patterns/415661,"ブルベ冬,ブルベ夏",,,,,,,,,,,,,,
rmd_the_juicy_lasting_22,rom&nd,the_juicy_lasting,22,ドトリボム,https://cloudflare.lipscosme.com/image/081384d7c27a45b70efa862c-1740112964.png?auto=avif%2Cwebp&fio=1&orient=1&width=1424,415662,https://lipscosme.com/product_patterns/415662,"イエベ・ブルベ問わず,ブルベ夏,イエベ春",,,,,,,,,,,,,,
rmd_the_juicy_lasting_23,rom&nd,the_juicy_lasting,23,ピーチピーチミー,https://cloudflare.lipscosme.com/image/55c07fb4af29f5fa81a7c280-1740112825.png?auto=avif%2Cwebp&fio=1&orient=1&width=1424,415663,https://lipscosme.com/product_patterns/415663,"ブルベ夏,イエベ春",,,,,,,,,,,,,,
rmd_the_juicy_lasting_24,rom&nd,the_juicy_lasting,24,ベアジューシーオー,https://cloudflare.lipscosme.com/image/b22f56ca62a8a28734a0a03a-1731545233.png?auto=avif%2Cwebp&fio=1&orient=1&width=1424,415664,https://lipscosme.com/product_patterns/415664,"イエベ春,ブルベ冬",,,,,,,,,,,,,,
rmd_the_juicy_lasting_26,rom&nd,the_juicy_lasting,26,ミスティックピーチ,https://cloudflare.lipscosme.com/image/2025-06-20-c7b33f56b52dc875eba2005e.png?auto=avif%2Cwebp&fio=1&orient=1&width=1424,432101,https://lipscosme.com/product_patterns/432101,"ブルベ冬,イエベ春",,,,,,,,,,,,,,
rmd_the_juicy_lasting_27,rom&nd,the_juicy_lasting,27,ハニーデューメロン,https://cloudflare.lipscosme.com/image/2025-06-20-483aaee4f261a61a4801dc40.png?auto=avif%2Cwebp&fio=1&orient=1&width=1424,432102,https://lipscosme.com/product_patterns/432102,"イエベ春,ブルベ夏,ブルベ冬",,,,,,,,,,,,,,
rmd_the_juicy_lasting_28,rom&nd,the_juicy_lasting,28,スノーストロベリー,https://cloudflare.lipscosme.com/image/2025-06-20-82cf8d1ee94d74da986718cd.png?auto=avif%2Cwebp&fio=1&orient=1&width=1424,432103,https://lipscosme.com/product_patterns/432103,"ブルベ夏,ブルベ冬",,,,,,,,,,,,,,
rmd_the_juicy_lasting_29,rom&nd,the_juicy_lasting,29,ジョソンフィグ,https://cloudflare.lipscosme.com/image/2025-06-20-db38324924943da6ca8936c9.png?auto=avif%2Cwebp&fio=1&orient=1&width=1424,427342,https://lipscosme.com/product_patterns/427342,"ブルベ夏,イエベ春",,,,,,,,,,,,,,
rmd_the_juicy_lasting_30,rom&nd,the_juicy_lasting,30,ベアマロン,https://cloudflare.lipscosme.com/image/2025-06-20-006da4ad5414a05f727eb062.png?auto=avif%2Cwebp&fio=1&orient=1&width=1424,432104,https://lipscosme.com/product_patterns/432104,イエベ春,,,,,,,,,,,,,,
rmd_dewyful_01,rom&nd,dewyful,1,インコーラル,https://cloudflare.lipscosme.com/image/e09b0d01b37eb6b39333abe2-1647223792.png?auto=avif%2Cwebp&fio=1&orient=1&width=1424,274270,https://lipscosme.com/product_patterns/274270,"イエベ春,イエベ秋",,,,,,,,,,,,,,
rmd_dewyful_02,rom&nd,dewyful,2,ソルティーピーチ,https://cloudflare.lipscosme.com/image/f3c379fff42a53a2c54d555b-1647224838.png?auto=avif%2Cwebp&fio=1&orient=1&width=1424,306673,https://lipscosme.com/product_patterns/306673,"イエベ春,イエベ秋,イエベ・ブルベ問わず",,,,,,,,,,,,,,
rmd_dewyful_03,rom&nd,dewyful,3,イフローズ,https://cloudflare.lipscosme.com/image/c516154327194422a47feab2-1647224668.png?auto=avif%2Cwebp&fio=1&orient=1&width=1424,274271,https://lipscosme.com/product_patterns/274271,"イエベ・ブルベ問わず,イエベ秋",,,,,,,,,,,,,,
rmd_dewyful_04,rom&nd,dewyful,4,チリアップ,https://cloudflare.lipscosme.com/image/e00553f0ca7cfdb9ee269eab-1647224695.png?auto=avif%2Cwebp&fio=1&orient=1&width=1424,274272,https://lipscosme.com/product_patterns/274272,"イエベ秋,ブルベ夏,ブルベ冬",,,,,,,,,,,,,,
rmd_dewyful_05,rom&nd,dewyful,5,タフィー,https://cloudflare.lipscosme.com/image/60c49a3918c3c0ccade4d55b-1647224959.png?auto=avif%2Cwebp&fio=1&orient=1&width=1424,306674,https://lipscosme.com/product_patterns/306674,"ブルベ夏,ブルベ冬",,,,,,,,,,,,,,
rmd_dewyful_06,rom&nd,dewyful,6,チュリアン,https://cloudflare.lipscosme.com/image/7c4f70f3e8885424ca4319d6-1647224737.png?auto=avif%2Cwebp&fio=1&orient=1&width=1424,274273,https://lipscosme.com/product_patterns/274273,"ブルベ夏,ブルベ冬",,,,,,,,,,,,,,
rmd_dewyful_07,rom&nd,dewyful,7,チェリーウェイ,https://cloudflare.lipscosme.com/image/bda02a6656143060bd475fce-1647225117.png?auto=avif%2Cwebp&fio=1&orient=1&width=1424,306675,https://lipscosme.com/product_patterns/306675,ブルベ冬,,,,,,,,,,,,,,
rmd_dewyful_08,rom&nd,dewyful,8,ベリーディヴァイン,https://cloudflare.lipscosme.com/image/0828a1f1ef0d177184b5dda9-1647224770.png?auto=avif%2Cwebp&fio=1&orient=1&width=1424,274274,https://lipscosme.com/product_patterns/274274,"ブルベ冬,イエベ秋,イエベ春",,,,,,,,,,,,,,
rmd_dewyful_12,rom&nd,dewyful,12,キャニオン,https://cloudflare.lipscosme.com/image/5eb6a96bb3b6386037aee084-1668143335.png?auto=avif%2Cwebp&fio=1&orient=1&width=1424,353722,https://lipscosme.com/product_patterns/353722,"イエベ秋,イエベ春,ブルベ夏",,,,,,,,,,,,,,
rmd_dewyful_13,rom&nd,dewyful,13,カスタードモ－ブ（サンリオコラボデュイフルウォーターティント）,https://cloudflare.lipscosme.com/image/df299a8a2bffe729762fe149-1700022130.png?auto=avif%2Cwebp&fio=1&orient=1&width=1424,387191,https://lipscosme.com/product_patterns/387191,"ブルベ夏,イエベ春",,,,,,,,,,,,,,
rmd_dewyful_14,rom&nd,dewyful,14,ピーチモカ(日本限定),https://cloudflare.lipscosme.com/image/0547e6fe4346000e41416315-1675845720.png?auto=avif%2Cwebp&fio=1&orient=1&width=1424,353723,https://lipscosme.com/product_patterns/353723,"イエベ春,ブルベ夏",,,,,,,,,,,,,,
rmd_dewyful_15,rom&nd,dewyful,15,チキタロ（サンリオコラボ デュイフルウォーターティント）,https://cloudflare.lipscosme.com/image/34333d7d7d52d1985ce700e2-1700021623.png?auto=avif%2Cwebp&fio=1&orient=1&width=1424,387188,https://lipscosme.com/product_patterns/387188,"ブルベ夏,ブルベ冬",,,,,,,,,,,,,,
rmd_dewyful_16,rom&nd,dewyful,16,チアリーピンク（サンリオコラボデュイフルウォーターティント）,https://cloudflare.lipscosme.com/image/531c4397cef44ef1bb1adb20-1700022027.png?auto=avif%2Cwebp&fio=1&orient=1&width=1424,387190,https://lipscosme.com/product_patterns/387190,"ブルベ夏,イエベ・ブルベ問わず",,,,,,,,,,,,,,
rmd_dewyful_17,rom&nd,dewyful,17,メロウシュガー（サンリオコラボ デュイフルウォーターティント）,https://cloudflare.lipscosme.com/image/51eb75443a84481bcab06ec9-1700021642.png?auto=avif%2Cwebp&fio=1&orient=1&width=1424,387189,https://lipscosme.com/product_patterns/387189,イエベ・ブルベ問わず,,,,,,,,,,,,,,
rmd_glasting_water_01,rom&nd,glasting_water,1,コーラル ミスト,https://cloudflare.lipscosme.com/image/b85aaba1d48fd413fd0a015c-1675069732.png?auto=avif%2Cwebp&fio=1&orient=1&width=1424,202041,https://lipscosme.com/product_patterns/202041,"イエベ春,イエベ秋,ブルベ冬",,,,,,,,,,,,,,
rmd_glasting_water_02,rom&nd,glasting_water,2,レッド ドロップ,https://cloudflare.lipscosme.com/image/1b9666cd116a1e4d998344fe-1598086539.png?auto=avif%2Cwebp&fio=1&orient=1&width=1424,202042,https://lipscosme.com/product_patterns/202042,"イエベ秋,イエベ・ブルベ問わず,イエベ春",,,,,,,,,,,,,,
rmd_glasting_water_03,rom&nd,glasting_water,3,ブリック リバー,https://cloudflare.lipscosme.com/image/7db005640ca92ce1a7eeff07-1598086570.png?auto=avif%2Cwebp&fio=1&orient=1&width=1424,202043,https://lipscosme.com/product_patterns/202043,"イエベ秋,イエベ春",,,,,,,,,,,,,,
rmd_glasting_water_04,rom&nd,glasting_water,4,ビンテージ オーシャン,https://cloudflare.lipscosme.com/image/f30f434d7bbc03d0c2bff8eb-1598086594.png?auto=avif%2Cwebp&fio=1&orient=1&width=1424,202044,https://lipscosme.com/product_patterns/202044,"イエベ秋,ブルベ冬,ブルベ夏",,,,,,,,,,,,,,
rmd_glasting_water_05,rom&nd,glasting_water,5,ローズ スプラッシュ,https://cloudflare.lipscosme.com/image/5562394dd20be57230a55167-1598086623.png?auto=avif%2Cwebp&fio=1&orient=1&width=1424,202045,https://lipscosme.com/product_patterns/202045,"ブルベ冬,ブルベ夏",,,,,,,,,,,,,,
rmd_glasting_water_06,rom&nd,glasting_water,6,パープル シャワー,https://cloudflare.lipscosme.com/image/6a0c2c6537de5fe8cd1227ea-1598086651.png?auto=avif%2Cwebp&fio=1&orient=1&width=1424,202046,https://lipscosme.com/product_patterns/202046,"ブルベ冬,ブルベ夏",,,,,,,,,,,,,,
rmd_glasting_water_07,rom&nd,glasting_water,7,ピンク バレー,https://cloudflare.lipscosme.com/image/a78b8c5b25167ebd1107c176-1598086685.png?auto=avif%2Cwebp&fio=1&orient=1&width=1424,202047,https://lipscosme.com/product_patterns/202047,"ブルベ夏,ブルベ冬",,,,,,,,,,,,,,
rmd_glasting_water_08,rom&nd,glasting_water,8,ローズ ストリーム,https://cloudflare.lipscosme.com/image/a78b8c5b25167ebd1107c176-1598086707.png?auto=avif%2Cwebp&fio=1&orient=1&width=1424,202048,https://lipscosme.com/product_patterns/202048,"ブルベ夏,ブルベ冬",,,,,,,,,,,,,,
rmd_glasting_water_09,rom&nd,glasting_water,9,ソフトプール,https://cloudflare.lipscosme.com/image/ccd51fb4825c83e58bc4fa67-1598086803.png?auto=avif%2Cwebp&fio=1&orient=1&width=1424,208252,https://lipscosme.com/product_patterns/208252,"ブルベ夏,ブルベ冬,イエベ秋,イエベ・ブルベ問わず",,,,,,,,,,,,,,
rmd_zero_velvet_01,rom&nd,zero_velvet,1,メルティング(MELTING),https://cloudflare.lipscosme.com/image/22eb2ddb0b0aa67907c08d62-1564989183.png?auto=avif%2Cwebp&fio=1&orient=1&width=1424,166954,https://lipscosme.com/product_patterns/166954,"イエベ秋,イエベ春",,,,,,,,,,,,,,
rmd_zero_velvet_02,rom&nd,zero_velvet,2,ジョイフル(JOYFUL),https://cloudflare.lipscosme.com/image/344fdfd6afae3413d54520d9-1586487375.png?auto=avif%2Cwebp&fio=1&orient=1&width=1424,166955,https://lipscosme.com/product_patterns/166955,"イエベ秋,イエベ春",,,,,,,,,,,,,,
rmd_zero_velvet_03,rom&nd,zero_velvet,3,ペルシレッド(PERSIRED),https://cloudflare.lipscosme.com/image/f25efead0d4aca63d8520dd3-1564989256.png?auto=avif%2Cwebp&fio=1&orient=1&width=1424,166956,https://lipscosme.com/product_patterns/166956,"イエベ秋,イエベ春,ブルベ夏,ブルベ冬",,,,,,,,,,,,,,
rmd_zero_velvet_04,rom&nd,zero_velvet,4,バーントハート(BURNT HEART),https://cloudflare.lipscosme.com/image/ea9bc60db63ae59a943da291-1564989300.png?auto=avif%2Cwebp&fio=1&orient=1&width=1424,166957,https://lipscosme.com/product_patterns/166957,"ブルベ夏,ブルベ冬,イエベ秋",,,,,,,,,,,,,,
rmd_zero_velvet_05,rom&nd,zero_velvet,5,ウィッティ(WITTY),https://cloudflare.lipscosme.com/image/3f806a130cb11a0d72b03d38-1586487471.png?auto=avif%2Cwebp&fio=1&orient=1&width=1424,166959,https://lipscosme.com/product_patterns/166959,"イエベ秋,ブルベ冬",,,,,,,,,,,,,,
rmd_zero_velvet_06,rom&nd,zero_velvet,6,ディープソウル(DEEP SOUL),https://cloudflare.lipscosme.com/image/4e5c0a4854e2f24838b4288c-1586487536.png?auto=avif%2Cwebp&fio=1&orient=1&width=1424,166960,https://lipscosme.com/product_patterns/166960,"イエベ秋,ブルベ冬",,,,,,,,,,,,,,
rmd_zero_velvet_07,rom&nd,zero_velvet,7,フィズ(FIZZ),https://cloudflare.lipscosme.com/image/1132df6e95601e26e0cc3648-1601884379.png?auto=avif%2Cwebp&fio=1&orient=1&width=1424,204319,https://lipscosme.com/product_patterns/204319,"ブルベ冬,ブルベ夏",,,,,,,,,,,,,,
rmd_zero_velvet_08,rom&nd,zero_velvet,8,アイシー(ICY),https://cloudflare.lipscosme.com/image/35077259ecaa9078eee19401-1675062422.png?auto=avif%2Cwebp&fio=1&orient=1&width=1424,204320,https://lipscosme.com/product_patterns/204320,"ブルベ冬,ブルベ夏",,,,,,,,,,,,,,
rmd_zero_velvet_09,rom&nd,zero_velvet,9,ポーラー(POLAR),https://cloudflare.lipscosme.com/image/3ec142f91190055c7959469e-1607592621.png?auto=avif%2Cwebp&fio=1&orient=1&width=1424,204321,https://lipscosme.com/product_patterns/204321,"ブルベ夏,イエベ春",,,,,,,,,,,,,,
rmd_zero_velvet_10,rom&nd,zero_velvet,10,フィーバー(FEVER),https://cloudflare.lipscosme.com/image/51457ffbb159e40aa4a5d189-1586487595.png?auto=avif%2Cwebp&fio=1&orient=1&width=1424,196361,https://lipscosme.com/product_patterns/196361,"イエベ春,イエベ・ブルベ問わず",,,,,,,,,,,,,,
rmd_zero_velvet_11,rom&nd,zero_velvet,11,フレア(FLARE),https://cloudflare.lipscosme.com/image/650a6d49e01ac8e0417ce511-1586487643.png?auto=avif%2Cwebp&fio=1&orient=1&width=1424,196362,https://lipscosme.com/product_patterns/196362,"イエベ・ブルベ問わず,イエベ春,イエベ秋",,,,,,,,,,,,,,
rmd_zero_velvet_12,rom&nd,zero_velvet,12,アンシャーリー(ANNE SHIRLEY),https://cloudflare.lipscosme.com/image/d6e370e929b380586f84ee71-1615993600.png?auto=avif%2Cwebp&fio=1&orient=1&width=1424,206843,https://lipscosme.com/product_patterns/206843,"イエベ春,イエベ秋,イエベ・ブルベ問わず",,,,,,,,,,,,,,
rmd_zero_velvet_13,rom&nd,zero_velvet,13,ベリーケーキ(BERRY CAKE),https://cloudflare.lipscosme.com/image/f973ea60cee154b2a7057726-1609231542.png?auto=avif%2Cwebp&fio=1&orient=1&width=1424,206844,https://lipscosme.com/product_patterns/206844,"イエベ・ブルベ問わず,ブルベ冬",,,,,,,,,,,,,,
rmd_zero_velvet_14,rom&nd,zero_velvet,14,ピーカンタルト(PEACAN TARTE),https://cloudflare.lipscosme.com/image/e627182b61afdb13b0b7d92b-1602820166.png?auto=avif%2Cwebp&fio=1&orient=1&width=1424,206845,https://lipscosme.com/product_patterns/206845,"ブルベ冬,イエベ秋",,,,,,,,,,,,,,
rmd_zero_velvet_15,rom&nd,zero_velvet,15,ラスクラスク(RUSK RUSK),https://cloudflare.lipscosme.com/image/9a41ef62eba1631f94b02112-1602820211.png?auto=avif%2Cwebp&fio=1&orient=1&width=1424,206846,https://lipscosme.com/product_patterns/206846,イエベ秋,,,,,,,,,,,,,,
rmd_zero_velvet_16,rom&nd,zero_velvet,16,バーニーヌード(BURNY NUDE),https://cloudflare.lipscosme.com/image/e4a7be5cabea6722cadb9a58-1602820257.png?auto=avif%2Cwebp&fio=1&orient=1&width=1424,213657,https://lipscosme.com/product_patterns/213657,"イエベ秋,イエベ春",,,,,,,,,,,,,,
rmd_zero_velvet_17,rom&nd,zero_velvet,17,トースティヌード(TOASTY NUDE),https://cloudflare.lipscosme.com/image/e664a24ce0ab94a0eeff1c04-1602820413.png?auto=avif%2Cwebp&fio=1&orient=1&width=1424,213658,https://lipscosme.com/product_patterns/213658,"イエベ秋,イエベ春",,,,,,,,,,,,,,
rmd_zero_velvet_18,rom&nd,zero_velvet,18,ペタルタッセル(PETTAL TASSEL),https://cloudflare.lipscosme.com/image/27198086049c064484b59571-1615993503.png?auto=avif%2Cwebp&fio=1&orient=1&width=1424,218065,https://lipscosme.com/product_patterns/218065,"ブルベ夏,ブルベ冬,イエベ秋,イエベ春",,,,,,,,,,,,,,
rmd_zero_velvet_19,rom&nd,zero_velvet,19,アールグレイショール(EARL GRAY SHAWL),https://cloudflare.lipscosme.com/image/b42b2813db8efd3e292f109f-1615993483.png?auto=avif%2Cwebp&fio=1&orient=1&width=1424,218066,https://lipscosme.com/product_patterns/218066,"イエベ秋,イエベ春",,,,,,,,,,,,,,
rmd_zero_velvet_20,rom&nd,zero_velvet,20,ベリーニット(BERRY KNIT),https://cloudflare.lipscosme.com/image/b5ee35a3337fdf326dc0ee2e-1615993429.png?auto=avif%2Cwebp&fio=1&orient=1&width=1424,218067,https://lipscosme.com/product_patterns/218067,"イエベ秋,ブルベ冬",,,,,,,,,,,,,,
rmd_zero_velvet_21,rom&nd,zero_velvet,21,ヴィランベスト(VILLAIN VEST),https://cloudflare.lipscosme.com/image/e06f2633ed796cab042b2271-1615993457.png?auto=avif%2Cwebp&fio=1&orient=1&width=1424,218068,https://lipscosme.com/product_patterns/218068,ブルベ冬,,,,,,,,,,,,,,
rmd_zero_velvet_22,rom&nd,zero_velvet,22,グレインヌード(GRAIN NUDE)【ヴィンテージフィルター】,https://cloudflare.lipscosme.com/image/2025-10-02-e9e5add36c7119e5501c77b2.png?auto=avif%2Cwebp&fio=1&orient=1&width=1424,454938,https://lipscosme.com/product_patterns/454938,,,,,,,,,,,,,,,
rmd_zero_velvet_23,rom&nd,zero_velvet,23,ヴィンテージトープ(VINTAGE TAUPE)【ヴィンテージフィルター】,https://cloudflare.lipscosme.com/image/2025-10-02-72d95ad7ef5af8f30ebc0b68.png?auto=avif%2Cwebp&fio=1&orient=1&width=1424,454939,https://lipscosme.com/product_patterns/454939,,,,,,,,,,,,,,,
rmd_zero_velvet_24,rom&nd,zero_velvet,24,フェードレッド(FADE RED)【ヴィンテージフィルター】,https://cloudflare.lipscosme.com/image/2025-10-02-86418ddbb66b25b791e18a1d.png?auto=avif%2Cwebp&fio=1&orient=1&width=1424,454940,https://lipscosme.com/product_patterns/454940,,,,,,,,,,,,,,,
rmd_zero_velvet_25,rom&nd,zero_velvet,25,ナードピンク(NERD PINK)【ヴィンテージフィルター】,https://cloudflare.lipscosme.com/image/2025-10-02-2ab8964b8e02d69ab319ad89.png?auto=avif%2Cwebp&fio=1&orient=1&width=1424,454941,https://lipscosme.com/product_patterns/454941,,,,,,,,,,,,,,,
rmd_zero_velvet_26,rom&nd,zero_velvet,26,ペッパーチェリー(PEPPER CHERRY),https://cloudflare.lipscosme.com/image/ee85ac9f07bd5a3ffcc30245-1701658384.png?auto=avif%2Cwebp&fio=1&orient=1&width=1424,388665,https://lipscosme.com/product_patterns/388665,,,,,,,,,,,,,,,
rmd_zero_velvet_27,rom&nd,zero_velvet,27,オークウッド(OAK WOOD),https://cloudflare.lipscosme.com/image/55a2201b6f0c3d9ce95375d1-1701658345.png?auto=avif%2Cwebp&fio=1&orient=1&width=1424,388666,https://lipscosme.com/product_patterns/388666,,,,,,,,,,,,,,,
rmd_zero_velvet_28,rom&nd,zero_velvet,28,スパイシーナッツ(SPICY NUT),https://cloudflare.lipscosme.com/image/42e66b6d46b1c51259d69546-1701658221.png?auto=avif%2Cwebp&fio=1&orient=1&width=1424,388667,https://lipscosme.com/product_patterns/388667,,,,,,,,,,,,,,,
rmd_zero_velvet_29,rom&nd,zero_velvet,29,モーブノワール(MAUVE NOIR),https://cloudflare.lipscosme.com/image/2c303d321af527011e0f6aaf-1701658293.png?auto=avif%2Cwebp&fio=1&orient=1&width=1424,388668,https://lipscosme.com/product_patterns/388668,"ブルベ冬,イエベ・ブルベ問わず",,,,,,,,,,,,,,
rmd_zero_velvet_30,rom&nd,zero_velvet,30,ディープポート(DEEP PORT),https://cloudflare.lipscosme.com/image/956b5c482291a83f9f2aa9d2-1701658167.png?auto=avif%2Cwebp&fio=1&orient=1&width=1424,388669,https://lipscosme.com/product_patterns/388669,"ブルベ冬,イエベ・ブルベ問わず",,,,,,,,,,,,,,
rmd_blur_fudge_01,rom&nd,blur_fudge,1,ポメロコ(POMELOCO),https://cloudflare.lipscosme.com/image/6eee0e7971936ec44149b4b3-1687245242.png?auto=avif%2Cwebp&fio=1&orient=1&width=1424,245525,https://lipscosme.com/product_patterns/245525,"イエベ春,イエベ秋",,,,,,,,,,,,,,
rmd_blur_fudge_02,rom&nd,blur_fudge,2,ロージーエンタル(ROSIENTAL),https://cloudflare.lipscosme.com/image/c56688345bfba048b075a1a0-1687245259.png?auto=avif%2Cwebp&fio=1&orient=1&width=1424,245526,https://lipscosme.com/product_patterns/245526,"イエベ・ブルベ問わず,イエベ春",,,,,,,,,,,,,,
rmd_blur_fudge_03,rom&nd,blur_fudge,3,ムスキー(MUSKY),https://cloudflare.lipscosme.com/image/1146e2669f8f25c9f3298df7-1687245280.png?auto=avif%2Cwebp&fio=1&orient=1&width=1424,245527,https://lipscosme.com/product_patterns/245527,"イエベ春,イエベ秋",,,,,,,,,,,,,,
rmd_blur_fudge_04,rom&nd,blur_fudge,4,ラッドウッド(RADWOOD),https://cloudflare.lipscosme.com/image/2be36ddc1b81a9dd69e74b9c-1687245303.png?auto=avif%2Cwebp&fio=1&orient=1&width=1424,245528,https://lipscosme.com/product_patterns/245528,"イエベ秋,ブルベ夏",,,,,,,,,,,,,,
rmd_blur_fudge_05,rom&nd,blur_fudge,5,ビビキャンディー(BIBI CANDY),https://cloudflare.lipscosme.com/image/4cf429983438c10ec6a00785-1687245326.png?auto=avif%2Cwebp&fio=1&orient=1&width=1424,245529,https://lipscosme.com/product_patterns/245529,ブルベ夏,,,,,,,,,,,,,,
rmd_blur_fudge_06,rom&nd,blur_fudge,6,モーヴィッシュ(MAUVISH),https://cloudflare.lipscosme.com/image/2e1da6d2f18fea2d3ec4aa8f-1687245354.png?auto=avif%2Cwebp&fio=1&orient=1&width=1424,245530,https://lipscosme.com/product_patterns/245530,"ブルベ夏,ブルベ冬",,,,,,,,,,,,,,
rmd_blur_fudge_07,rom&nd,blur_fudge,7,クールローズアップ(COOL ROSE UP),https://cloudflare.lipscosme.com/image/cfe0ccebbc57d779cffdf803-1687245434.png?auto=avif%2Cwebp&fio=1&orient=1&width=1424,245531,https://lipscosme.com/product_patterns/245531,"ブルベ冬,ブルベ夏",,,,,,,,,,,,,,
rmd_blur_fudge_08,rom&nd,blur_fudge,8,カラントジャム(CURRANT JAM),https://cloudflare.lipscosme.com/image/8197d757dc6094f69f770e42-1687245459.png?auto=avif%2Cwebp&fio=1&orient=1&width=1424,245532,https://lipscosme.com/product_patterns/245532,ブルベ冬,,,,,,,,,,,,,,
rmd_blur_fudge_09,rom&nd,blur_fudge,9,コーラルジュビリー(CORAL JUBILEE),https://cloudflare.lipscosme.com/image/4cfb90273f047d0e53802c64-1687228282.png?auto=avif%2Cwebp&fio=1&orient=1&width=1424,373029,https://lipscosme.com/product_patterns/373029,,,,,,,,,,,,,,,
rmd_blur_fudge_10,rom&nd,blur_fudge,10,ファッジレッド(FUDGE RED),https://cloudflare.lipscosme.com/image/cf777d05881ac073cc080ac8-1687228311.png?auto=avif%2Cwebp&fio=1&orient=1&width=1424,373030,https://lipscosme.com/product_patterns/373030,"ブルベ夏,ブルベ冬",,,,,,,,,,,,,,
rmd_blur_fudge_11,rom&nd,blur_fudge,11,フューシャバイブ(FUCHSIA VIBE),https://cloudflare.lipscosme.com/image/7187580d911580729ebdec08-1687228336.png?auto=avif%2Cwebp&fio=1&orient=1&width=1424,373031,https://lipscosme.com/product_patterns/373031,"ブルベ夏,ブルベ冬,イエベ・ブルベ問わず",,,,,,,,,,,,,,
rmd_blur_fudge_12,rom&nd,blur_fudge,12,ウォーミングアップ(WARMING UP),https://cloudflare.lipscosme.com/image/35c8b0717e548fa79f642a9e-1691552917.png?auto=avif%2Cwebp&fio=1&orient=1&width=1424,377271,https://lipscosme.com/product_patterns/377271,"イエベ・ブルベ問わず,ブルベ夏,ブルベ冬",,,,,,,,,,,,,,
rmd_blur_fudge_13,rom&nd,blur_fudge,13,クーリングアップ(COOLING UP),https://cloudflare.lipscosme.com/image/16f5f4260229f2c7dea6a059-1691552929.png?auto=avif%2Cwebp&fio=1&orient=1&width=1424,377272,https://lipscosme.com/product_patterns/377272,"ブルベ夏,ブルベ冬",,,,,,,,,,,,,,
rmd_blur_fudge_14,rom&nd,blur_fudge,14,アンローズ(UNROSE),https://cloudflare.lipscosme.com/image/302bd0209ea201847d98469d-1691552942.png?auto=avif%2Cwebp&fio=1&orient=1&width=1424,377273,https://lipscosme.com/product_patterns/377273,"ブルベ冬,ブルベ夏",,,,,,,,,,,,,,
rmd_blur_fudge_15,rom&nd,blur_fudge,15,ベリフィズ(BERRY FIZZ),https://cloudflare.lipscosme.com/image/eaffd452737528ef63fdcbfb-1691552957.png?auto=avif%2Cwebp&fio=1&orient=1&width=1424,377274,https://lipscosme.com/product_patterns/377274,"ブルベ夏,ブルベ冬",,,,,,,,,,,,,,
rmd_blur_fudge_16,rom&nd,blur_fudge,16,バーントオレンジ(BURNT ORANGE),https://cloudflare.lipscosme.com/image/3d5234867d123fcb3ea219e7-1691552975.png?auto=avif%2Cwebp&fio=1&orient=1&width=1424,377275,https://lipscosme.com/product_patterns/377275,ブルベ夏,,,,,,,,,,,,,,
rmd_blur_fudge_17,rom&nd,blur_fudge,17,ピーチダウン（rom&amp;nd×INAPSQUARE）,https://cloudflare.lipscosme.com/image/d540f070f7a4e8e8fae26297-1721705143.png?auto=avif%2Cwebp&fio=1&orient=1&width=1424,408562,https://lipscosme.com/product_patterns/408562,,,,,,,,,,,,,,,
rmd_blur_fudge_18,rom&nd,blur_fudge,18,バッドベリー（rom&amp;nd×INAPSQUARE）,https://cloudflare.lipscosme.com/image/4aadbb9b239f6a38cc313be4-1721705245.png?auto=avif%2Cwebp&fio=1&orient=1&width=1424,408563,https://lipscosme.com/product_patterns/408563,,,,,,,,,,,,,,,
rmd_bare_mool_01,rom&nd,bare_mool,1,ベアバニラ,https://cloudflare.lipscosme.com/image/b2b94041acb5c06f311f6641-1733458807.png?auto=avif%2Cwebp&fio=1&orient=1&width=1424,416588,https://lipscosme.com/product_patterns/416588,"イエベ春,ブルベ夏",,,,,,,,,,,,,,
rmd_bare_mool_02,rom&nd,bare_mool,2,タフィーフロート,https://cloudflare.lipscosme.com/image/6f8a4f52c591b0b88ec7323e-1733458968.png?auto=avif%2Cwebp&fio=1&orient=1&width=1424,416589,https://lipscosme.com/product_patterns/416589,"ブルベ夏,ブルベ冬",,,,,,,,,,,,,,
rmd_bare_mool_04,rom&nd,bare_mool,4,ウォーターグレープ,https://cloudflare.lipscosme.com/image/bd90350bc839002ad9859ac8-1733459094.png?auto=avif%2Cwebp&fio=1&orient=1&width=1424,416590,https://lipscosme.com/product_patterns/416590,ブルベ冬,,,,,,,,,,,,,,
rmd_bare_mool_05,rom&nd,bare_mool,5,アップルウーズ,https://cloudflare.lipscosme.com/image/24d00bd34d75fe665e9ad0ab-1733459300.png?auto=avif%2Cwebp&fio=1&orient=1&width=1424,416591,https://lipscosme.com/product_patterns/416591,"ブルベ冬,イエベ・ブルベ問わず",,,,,,,,,,,,,,
rmd_bare_mool_06,rom&nd,bare_mool,6,ベリーバイト,https://cloudflare.lipscosme.com/image/6827e8950d3b62ea4f02127d-1733459403.png?auto=avif%2Cwebp&fio=1&orient=1&width=1424,416592,https://lipscosme.com/product_patterns/416592,"ブルベ冬,イエベ・ブルベ問わず",,,,,,,,,,,,,,
rmd_bare_mool_07,rom&nd,bare_mool,7,チリラッシュ,https://cloudflare.lipscosme.com/image/df83bd77a6a11190c139c275-1733459490.png?auto=avif%2Cwebp&fio=1&orient=1&width=1424,416593,https://lipscosme.com/product_patterns/416593,,,,,,,,,,,,,,,
rmd_milktea_velvet_01,rom&nd,milktea_velvet,1,レッドティー,https://cloudflare.lipscosme.com/image/47b59bcfbf8134dc55b37426-1619007249.png?auto=avif%2Cwebp&fio=1&orient=1&width=1424,227801,https://lipscosme.com/product_patterns/227801,"ブルベ冬,イエベ秋,イエベ・ブルベ問わず",,,,,,,,,,,,,,
rmd_milktea_velvet_02,rom&nd,milktea_velvet,2,チョコレートティー,https://cloudflare.lipscosme.com/image/1a4e31ccd7d85561e6c299f3-1619007397.png?auto=avif%2Cwebp&fio=1&orient=1&width=1424,227802,https://lipscosme.com/product_patterns/227802,"イエベ秋,ブルベ冬,イエベ・ブルベ問わず",,,,,,,,,,,,,,
rmd_milktea_velvet_03,rom&nd,milktea_velvet,3,シナモンティー,https://cloudflare.lipscosme.com/image/872f031c8f82c42fd7e00653-1619007438.png?auto=avif%2Cwebp&fio=1&orient=1&width=1424,227803,https://lipscosme.com/product_patterns/227803,"ブルベ冬,イエベ秋",,,,,,,,,,,,,,
rmd_milktea_velvet_04,rom&nd,milktea_velvet,4,キャラメルティー,https://cloudflare.lipscosme.com/image/41f935e972d05eeba7860a0a-1619007468.png?auto=avif%2Cwebp&fio=1&orient=1&width=1424,227804,https://lipscosme.com/product_patterns/227804,イエベ秋,,,,,,,,,,,,,,
rmd_milktea_velvet_05,rom&nd,milktea_velvet,5,バニラティー,https://cloudflare.lipscosme.com/image/bc697403dbd41ce1d1d5937e-1659314170.png?auto=avif%2Cwebp&fio=1&orient=1&width=1424,347787,https://lipscosme.com/product_patterns/347787,イエベ秋,,,,,,,,,,,,,,
rmd_milktea_velvet_06,rom&nd,milktea_velvet,6,ジャスミンティー,https://cloudflare.lipscosme.com/image/bd4cf0a7c7d9eee1b26d42d9-1659314188.png?auto=avif%2Cwebp&fio=1&orient=1&width=1424,347788,https://lipscosme.com/product_patterns/347788,イエベ秋,,,,,,,,,,,,,,
rmd_milktea_velvet_07,rom&nd,milktea_velvet,7,ローズティー,https://cloudflare.lipscosme.com/image/9c4e77c1d18014f518493d1e-1659314203.png?auto=avif%2Cwebp&fio=1&orient=1&width=1424,347789,https://lipscosme.com/product_patterns/347789,イエベ秋,,,,,,,,,,,,,,
rmd_milktea_velvet_08,rom&nd,milktea_velvet,8,アールグレイティー,https://cloudflare.lipscosme.com/image/4108667cf39b6b67a11d756c-1659314230.png?auto=avif%2Cwebp&fio=1&orient=1&width=1424,347790,https://lipscosme.com/product_patterns/347790,"イエベ秋,ブルベ冬",,,,,,,,,,,,,,
rmd_milktea_velvet_09,rom&nd,milktea_velvet,9,ブラックティー,https://cloudflare.lipscosme.com/image/c8938be043f62371a4cad8d6-1659314249.png?auto=avif%2Cwebp&fio=1&orient=1&width=1424,347791,https://lipscosme.com/product_patterns/347791,ブルベ冬,,,,,,,,,,,,,,
rmd_juicy_lasting_01,rom&nd,juicy_lasting,1,ジューシーオー(JUCY OH),https://cloudflare.lipscosme.com/image/5542cb709217887658863dd7-1564987934.png?auto=avif%2Cwebp&fio=1&orient=1&width=1424,166930,https://lipscosme.com/product_patterns/166930,"イエベ春,イエベ秋",,,,,,,,,,,,,,
rmd_juicy_lasting_02,rom&nd,juicy_lasting,2,ルビーレッド(RUBY RED),https://cloudflare.lipscosme.com/image/b15d7f3a361de5661cc10f83-1564987976.png?auto=avif%2Cwebp&fio=1&orient=1&width=1424,166934,https://lipscosme.com/product_patterns/166934,"イエベ秋,イエベ春,ブルベ冬",,,,,,,,,,,,,,
rmd_juicy_lasting_03,rom&nd,juicy_lasting,3,サマーセント(SUMMERSCENT),https://cloudflare.lipscosme.com/image/d6eea780ac96d68c93ae0f32-1564988017.png?auto=avif%2Cwebp&fio=1&orient=1&width=1424,166937,https://lipscosme.com/product_patterns/166937,"ブルベ冬,イエベ・ブルベ問わず",,,,,,,,,,,,,,
rmd_juicy_lasting_04,rom&nd,juicy_lasting,4,ドラゴンピンク(DRAGON PINK),https://cloudflare.lipscosme.com/image/423619d3a5d7f6b64337bf91-1564988097.png?auto=avif%2Cwebp&fio=1&orient=1&width=1424,166940,https://lipscosme.com/product_patterns/166940,"イエベ・ブルベ問わず,イエベ春",,,,,,,,,,,,,,
rmd_juicy_lasting_05,rom&nd,juicy_lasting,5,ピーチミー(PEACH ME),https://cloudflare.lipscosme.com/image/912614ff00b3713469d44175-1564988132.png?auto=avif%2Cwebp&fio=1&orient=1&width=1424,166942,https://lipscosme.com/product_patterns/166942,"イエベ春,ブルベ夏,ブルベ冬",,,,,,,,,,,,,,
rmd_juicy_lasting_06,rom&nd,juicy_lasting,6,フィグフィグ(FIGFIG),https://cloudflare.lipscosme.com/image/deed6992d13ced2e2911caaf-1586486360.png?auto=avif%2Cwebp&fio=1&orient=1&width=1424,166943,https://lipscosme.com/product_patterns/166943,"ブルベ夏,ブルベ冬,イエベ秋",,,,,,,,,,,,,,
rmd_juicy_lasting_07,rom&nd,juicy_lasting,7,ジュジュブ(JUJUBE),https://cloudflare.lipscosme.com/image/71d4f75d8b6024f8b31d4122-1586486752.png?auto=avif%2Cwebp&fio=1&orient=1&width=1424,166945,https://lipscosme.com/product_patterns/166945,"イエベ秋,イエベ春",,,,,,,,,,,,,,
rmd_juicy_lasting_08,rom&nd,juicy_lasting,8,アップルブラウン(APPLE BROWN),https://cloudflare.lipscosme.com/image/f55204b6e6acfda2ccbd9f78-1586486923.png?auto=avif%2Cwebp&fio=1&orient=1&width=1424,166946,https://lipscosme.com/product_patterns/166946,"イエベ秋,イエベ春",,,,,,,,,,,,,,
rmd_juicy_lasting_09,rom&nd,juicy_lasting,9,ライチコーラル(LITCHI CORAL),https://cloudflare.lipscosme.com/image/1f87fc08c9741b7d764057c9-1564988593.png?auto=avif%2Cwebp&fio=1&orient=1&width=1424,166947,https://lipscosme.com/product_patterns/166947,"イエベ春,イエベ秋",,,,,,,,,,,,,,
rmd_juicy_lasting_10,rom&nd,juicy_lasting,10,ヌーディピーナッツ(NUDY PEANUT),https://cloudflare.lipscosme.com/image/789eafab5fec99e8cfd3b451-1601885688.png?auto=avif%2Cwebp&fio=1&orient=1&width=1424,196739,https://lipscosme.com/product_patterns/196739,"イエベ秋,イエベ春",,,,,,,,,,,,,,
rmd_juicy_lasting_11,rom&nd,juicy_lasting,11,ピンクパンプキン(PINK PUMPKIN),https://cloudflare.lipscosme.com/image/38636cae0ca6f5ba62a79788-1586487063.png?auto=avif%2Cwebp&fio=1&orient=1&width=1424,196359,https://lipscosme.com/product_patterns/196359,"イエベ春,イエベ秋",,,,,,,,,,,,,,
rmd_juicy_lasting_12,rom&nd,juicy_lasting,12,チェリーボム(CHERRY BONB),https://cloudflare.lipscosme.com/image/a86cd3c671fb8bd9a88f5e24-1603885460.png?auto=avif%2Cwebp&fio=1&orient=1&width=1424,218087,https://lipscosme.com/product_patterns/218087,"ブルベ冬,イエベ秋",,,,,,,,,,,,,,
rmd_juicy_lasting_13,rom&nd,juicy_lasting,13,イートドトリ(EAT DOTORI),https://cloudflare.lipscosme.com/image/11d2d71d39c8311f0c025e66-1586487109.png?auto=avif%2Cwebp&fio=1&orient=1&width=1424,196360,https://lipscosme.com/product_patterns/196360,"イエベ秋,イエベ春,イエベ・ブルベ問わず",,,,,,,,,,,,,,
rmd_juicy_lasting_14,rom&nd,juicy_lasting,14,ベリーショット(BERRY SHOT),https://cloudflare.lipscosme.com/image/b1b21dd67e9e690afdac56b6-1601885431.png?auto=avif%2Cwebp&fio=1&orient=1&width=1424,213601,https://lipscosme.com/product_patterns/213601,"イエベ春,イエベ・ブルベ問わず,ブルベ冬,ブルベ夏",,,,,,,,,,,,,,
rmd_juicy_lasting_15,rom&nd,juicy_lasting,15,ファンキーメロン(FUNKY MELON),https://cloudflare.lipscosme.com/image/0c2654a9ba0fe860bd86cb58-1601885311.png?auto=avif%2Cwebp&fio=1&orient=1&width=1424,213603,https://lipscosme.com/product_patterns/213603,"ブルベ冬,ブルベ夏,イエベ秋,イエベ春",,,,,,,,,,,,,,
rmd_juicy_lasting_16,rom&nd,juicy_lasting,16,コルニソーダ(CORNI SODA),https://cloudflare.lipscosme.com/image/a53d4038f728fc7f6edd775d-1601885359.png?auto=avif%2Cwebp&fio=1&orient=1&width=1424,213594,https://lipscosme.com/product_patterns/213594,"イエベ秋,イエベ春,ブルベ冬",,,,,,,,,,,,,,
rmd_juicy_lasting_17,rom&nd,juicy_lasting,17,プラムコーク(PLUM COKE),https://cloudflare.lipscosme.com/image/f42fcbcba91380f4406ef1bf-1601885388.png?auto=avif%2Cwebp&fio=1&orient=1&width=1424,213595,https://lipscosme.com/product_patterns/213595,"ブルベ冬,ブルベ夏",,,,,,,,,,,,,,
rmd_juicy_lasting_18,rom&nd,juicy_lasting,18,マルドピーチ(MULLED PEACH),https://cloudflare.lipscosme.com/image/a037ea07673dbd5b8fb63093-1607592615.png?auto=avif%2Cwebp&fio=1&orient=1&width=1424,218083,https://lipscosme.com/product_patterns/218083,"ブルベ夏,イエベ春,ブルベ冬",,,,,,,,,,,,,,
rmd_juicy_lasting_19,rom&nd,juicy_lasting,19,アーモンドローズ(ALMAND ROSE),https://cloudflare.lipscosme.com/image/4f407168b43bedb0ab149103-1675064827.png?auto=avif%2Cwebp&fio=1&orient=1&width=1424,218084,https://lipscosme.com/product_patterns/218084,"ブルベ夏,ブルベ冬,イエベ秋",,,,,,,,,,,,,,
rmd_juicy_lasting_20,rom&nd,juicy_lasting,20,ダークココナッツ(DARK COCONUT),https://cloudflare.lipscosme.com/image/42b911d58c3026edfdcb68ea-1607592719.png?auto=avif%2Cwebp&fio=1&orient=1&width=1424,218085,https://lipscosme.com/product_patterns/218085,"イエベ秋,ブルベ冬",,,,,,,,,,,,,,
rmd_juicy_lasting_21,rom&nd,juicy_lasting,21,ディープサングリア(DEEP SANGRIA),https://cloudflare.lipscosme.com/image/7ba62d5c6d808571064af5d9-1607513215.png?auto=avif%2Cwebp&fio=1&orient=1&width=1424,218086,https://lipscosme.com/product_patterns/218086,"ブルベ冬,イエベ春,イエベ秋",,,,,,,,,,,,,,
rmd_juicy_lasting_22,rom&nd,juicy_lasting,22,ポメロスキン(POMELO SKIN),https://cloudflare.lipscosme.com/image/07738b6ec17d85d2d417de1b-1675060810.png?auto=avif%2Cwebp&fio=1&orient=1&width=1424,233625,https://lipscosme.com/product_patterns/233625,"イエベ春,イエベ秋",,,,,,,,,,,,,,
rmd_juicy_lasting_23,rom&nd,juicy_lasting,23,ヌカダミア(NUCADAMIA),https://cloudflare.lipscosme.com/image/cd521586a767fbbb611b4b8c-1710472918.png?auto=avif%2Cwebp&fio=1&orient=1&width=1424,233626,https://lipscosme.com/product_patterns/233626,"イエベ秋,イエベ春",,,,,,,,,,,,,,
rmd_juicy_lasting_24,rom&nd,juicy_lasting,24,ピーリングエンドゥ(PEELING ANGDOO),https://cloudflare.lipscosme.com/image/bbc6ab31609ffd37ed914a41-1710472926.png?auto=avif%2Cwebp&fio=1&orient=1&width=1424,233627,https://lipscosme.com/product_patterns/233627,"ブルベ夏,ブルベ冬",,,,,,,,,,,,,,
rmd_juicy_lasting_25,rom&nd,juicy_lasting,25,ベアグレープ(BARE GRAPE),https://cloudflare.lipscosme.com/image/14031bdc9aed10777503dae8-1675059816.png?auto=avif%2Cwebp&fio=1&orient=1&width=1424,233628,https://lipscosme.com/product_patterns/233628,"ブルベ夏,ブルベ冬",,,,,,,,,,,,,,
rmd_juicy_lasting_26,rom&nd,juicy_lasting,26,ベリーベリーピンク(VERY BERRY PINK),https://cloudflare.lipscosme.com/image/f54f02e533e0a1f060146993-1631632689.png?auto=avif%2Cwebp&fio=1&orient=1&width=1424,241055,https://lipscosme.com/product_patterns/241055,"ブルベ夏,ブルベ冬",,,,,,,,,,,,,,
rmd_juicy_lasting_27,rom&nd,juicy_lasting,27,ピンクポプシクル(PINK POPSICLE),https://cloudflare.lipscosme.com/image/06ed4eab0102c0e074fc6e9c-1631632753.png?auto=avif%2Cwebp&fio=1&orient=1&width=1424,241056,https://lipscosme.com/product_patterns/241056,"ブルベ冬,ブルベ夏",,,,,,,,,,,,,,
rmd_juicy_lasting_28,rom&nd,juicy_lasting,28,ベアフィグ(BARE FIG),https://cloudflare.lipscosme.com/image/4177f7d41542db053ef2d338-1667098561.png?auto=avif%2Cwebp&fio=1&orient=1&width=1424,348990,https://lipscosme.com/product_patterns/348990,"ブルベ夏,ブルベ冬,イエベ春",,,,,,,,,,,,,,
rmd_juicy_lasting_29,rom&nd,juicy_lasting,29,パパイヤジャム(PAPAYA JAM),https://cloudflare.lipscosme.com/image/fa60ac57ff0ce1a1d3911b66-1667098597.png?auto=avif%2Cwebp&fio=1&orient=1&width=1424,348991,https://lipscosme.com/product_patterns/348991,イエベ春,,,,,,,,,,,,,,
rmd_juicy_lasting_31,rom&nd,juicy_lasting,31,ベアアプリコット(BARE APRICOT),https://cloudflare.lipscosme.com/image/55bbedfb5c000d9faa1f1b00-1691550345.png?auto=avif%2Cwebp&fio=1&orient=1&width=1424,372495,https://lipscosme.com/product_patterns/372495,イエベ春,,,,,,,,,,,,,,
