id,brand,line_id,color_no,color_name,image_url,pattern_id,pattern_url,pc_season,review_count,L,a,b,hue,saturation,brightness,pigmentation,girly,makeup_intensity,konare,sweetness,korean,notes,status,spatial_spread,bg_adjacency,aspect,is_container,line_category,x20_00_pigmentation,x20_01_vivid,x20_02_transparency,x20_03_glossiness,x20_04_matte_finish,x20_05_velvet_finish,x20_06_moisture,x20_07_durability,x20_08_blur_effect,x20_09_juicy_feel,x20_10_cool_tone,x20_11_warm_tone,x20_12_light_color,x20_13_deep_color,x20_14_everyday_use,x20_15_girly,x20_16_konare,x20_17_sweetness,x20_18_korean,x20_19_mature
rmd_the_juicy_lasting_01,rom&nd,the_juicy_lasting,1,ポメロスキン,https://cloudflare.lipscosme.com/image/8cf22155add736274c1c1226-1740115256.png?auto=avif%2Cwebp&fio=1&orient=1&width=1424,415645,https://lipscosme.com/product_patterns/415645,"イエベ春,イエベ秋",,61.71,31.28,31.08,,,,,,,,,,"sat=0.55, hue=15°, size=0.20, edge=0.04, spread=0.232, adj=0.00, aspect=1.58, container=False",auto_low,0.2319,0.0027,1.580,False,tint,0.7349,0.8819,0.7000,0.2000,0.0000,0.0000,0.5000,0.6000,0.0000,1.0000,0.0000,0.7652,0.5428,0.0000,0.1302,0.5814,0.0154,0.6206,0.1495,0.0000
rmd_the_juicy_lasting_02,rom&nd,the_juicy_lasting,2,ヌカダミア,https://cloudflare.lipscosme.com/image/20f1250dceb5d4821b6d5583-1740115222.png?auto=avif%2Cwebp&fio=1&orient=1&width=1424,415646,https://lipscosme.com/product_patterns/415646,"イエベ秋,ブルベ夏",,46.28,36.54,23.93,,,,,,,,,,"sat=0.59, hue=6°, size=0.19, edge=0.04, spread=0.190, adj=0.02, aspect=1.56, container=False",auto_low,0.1903,0.0159,1.560,False,tint,0.7280,0.8736,0.7000,0.2000,0.0000,0.0000,0.5000,0.6000,0.0000,1.0000,0.0000,0.8298,0.1570,0.0930,0.2114,0.1824,0.0267,0.5160,0.2632,0.0755
rmd_the_juicy_lasting_03,rom&nd,the_juicy_lasting,3,ベアーグレープ,https://cloudflare.lipscosme.com/image/c9d8fd385f445c30cdf79a42-1740115179.png?auto=avif%2Cwebp&fio=1&orient=1&width=1424,415647,https://lipscosme.com/product_patterns/415647,ブルベ夏,,53.70,38.94,10.00,,,,,,,,,,"sat=0.49, hue=352°, size=0.24, edge=0.05, spread=0.235, adj=0.01, aspect=1.55, container=False",auto_low,0.2352,0.0085,1.550,False,tint,0.6701,0.8041,0.7000,0.2000,0.0000,0.0000,0.5000,0.6000,0.0000,1.0000,0.2162,0.8040,0.3425,0.0000,0.5150,0.3855,0.1009,0.5979,0.6211,0.0000
rmd_the_juicy_lasting_04,rom&nd,the_juicy_lasting,4,フィグフィグ,https://cloudflare.lipscosme.com/image/a127310b57c669930163ed2a-1740115128.png?auto=avif%2Cwebp&fio=1&orient=1&width=1424,415648,https://lipscosme.com/product_patterns/415648,"ブルベ夏,イエベ春",,37.37,45.95,13.70,,,,,,,,,,"sat=0.69, hue=349°, size=0.26, edge=0.04, spread=0.249, adj=0.01, aspect=1.56, container=False",auto_low,0.2488,0.0072,1.558,False,tint,0.7991,0.9590,0.7000,0.2000,0.0000,0.0000,0.5000,0.6000,0.0000,1.0000,0.2222,0.9586,0.0000,0.3158,0.0000,0.0000,0.0000,0.5292,0.0000,0.2552
rmd_the_juicy_lasting_05,rom&nd,the_juicy_lasting,5,ジュジュブ,https://cloudflare.lipscosme.com/image/04dd9f63eadf4c62d4ed9d10-1740115082.png?auto=avif%2Cwebp&fio=1&orient=1&width=1424,415649,https://lipscosme.com/product_patterns/415649,"イエベ春,ブルベ夏",,53.21,48.32,25.95,,,,,,,,,,"sat=0.59, hue=1°, size=0.28, edge=0.05, spread=0.238, adj=0.00, aspect=1.57, container=False",auto_low,0.2378,0.0026,1.565,False,tint,0.9141,1.0000,0.7000,0.2000,0.0000,0.0000,0.5000,0.6000,0.0000,1.0000,0.0337,1.0000,0.3303,0.0000,0.0000,0.4624,0.0000,0.7699,0.0000,0.0000
rmd_the_juicy_lasting_06,rom&nd,the_juicy_lasting,6,ピーリングエンドゥ,https://cloudflare.lipscosme.com/image/0b5c9a8f0266bf7706394504-1740115024.png?auto=avif%2Cwebp&fio=1&orient=1&width=1424,415650,https://lipscosme.com/product_patterns/415650,"ブルベ夏,ブルベ冬",,39.43,48.85,23.87,,,,,,,,,,"sat=0.71, hue=356°, size=0.26, edge=0.05, spread=0.261, adj=0.00, aspect=1.55, container=False",auto_low,0.2610,0.0033,1.552,False,tint,0.9062,1.0000,0.7000,0.2000,0.0000,0.0000,0.5000,0.6000,0.0000,1.0000,0.0751,1.0000,0.0000,0.2642,0.0000,0.0000,0.0000,0.5806,0.0000,0.2114
rmd_the_juicy_lasting_07,rom&nd,the_juicy_lasting,7,チェリーボム,https://cloudflare.lipscosme.com/image/2dfc7bf62a2c4678ae89b21b-1731545059.png?auto=avif%2Cwebp&fio=1&orient=1&width=1424,415651,https://lipscosme.com/product_patterns/415651,"ブルベ冬,イエベ・ブルベ問わず",,29.95,50.83,32.80,,,,,,,,,,"sat=0.92, hue=355°, size=0.24, edge=0.04, spread=0.254, adj=0.00, aspect=1.57, container=False",auto_low,0.2544,0.0025,1.567,False,tint,1.0000,1.0000,0.7000,0.2000,0.0000,0.0000,0.5000,0.6000,0.0000,1.0000,0.0000,1.0000,0.0000,0.5012,0.0000,0.0000,0.0000,0.6195,0.0000,0.4010
rmd_the_juicy_lasting_08,rom&nd,the_juicy_lasting,8,ピンクパンプキン,https://cloudflare.lipscosme.com/image/cd22929ccb2c32cd0885a9e6-1740114627.png?auto=avif%2Cwebp&fio=1&orient=1&width=1424,415652,https://lipscosme.com/product_patterns/415652,"イエベ・ブルベ問わず,イエベ春",,54.41,52.59,33.64,,,,,,,,,,"sat=0.66, hue=4°, size=0.27, edge=0.05, spread=0.238, adj=0.00, aspect=1.57, container=False",auto_low,0.2380,0.0015,1.566,False,tint,1.0000,1.0000,0.7000,0.2000,0.0000,0.0000,0.5000,0.6000,0.0000,1.0000,0.0000,1.0000,0.3602,0.0000,0.0000,0.5043,0.0000,0.8711,0.0000,0.0000
rmd_the_juicy_lasting_09,rom&nd,the_juicy_lasting,9,マルドピーチ,https://cloudflare.lipscosme.com/image/24d182211d31699b63a7e698-1740114578.png?auto=avif%2Cwebp&fio=1&orient=1&width=1424,415653,https://lipscosme.com/product_patterns/415653,イエベ春,,54.14,45.12,29.44,,,,,,,,,,"sat=0.61, hue=6°, size=0.17, edge=0.05, spread=0.232, adj=0.00, aspect=1.57, container=False",auto_low,0.2315,0.0042,1.573,False,tint,0.8979,1.0000,0.7000,0.2000,0.0000,0.0000,0.5000,0.6000,0.0000,1.0000,0.0000,1.0000,0.3535,0.0000,0.0000,0.4949,0.0000,0.7451,0.0000,0.0000
rmd_the_juicy_lasting_10,rom&nd,the_juicy_lasting,10,ベアアプリコット,https://cloudflare.lipscosme.com/image/43f845820ee28be2d8fafe5c-1731545097.png?auto=avif%2Cwebp&fio=1&orient=1&width=1424,415654,https://lipscosme.com/product_patterns/415654,イエベ春,,60.65,56.31,30.79,,,,,,,,,,"sat=0.61, hue=1°, size=0.24, edge=0.04, spread=0.219, adj=0.00, aspect=1.59, container=False",auto_low,0.2193,0.0004,1.585,False,tint,1.0000,1.0000,0.7000,0.2000,0.0000,0.0000,0.5000,0.6000,0.0000,1.0000,0.0298,1.0000,0.5162,0.0000,0.0000,0.7227,0.0000,1.0000,0.0000,0.0000
rmd_the_juicy_lasting_11,rom&nd,the_juicy_lasting,11,パパイヤジャム,https://cloudflare.lipscosme.com/image/2a566261369e9e53080207ed-1740114347.png?auto=avif%2Cwebp&fio=1&orient=1&width=1424,415655,https://lipscosme.com/product_patterns/415655,"イエベ春,イエベ・ブルベ問わず",,59.64,50.58,38.19,,,,,,,,,,"sat=0.66, hue=8°, size=0.38, edge=0.05, spread=0.243, adj=0.00, aspect=1.57, container=False",auto_low,0.2428,0.0005,1.568,False,tint,1.0000,1.0000,0.7000,0.2000,0.0000,0.0000,0.5000,0.6000,0.0000,1.0000,0.0000,1.0000,0.4910,0.0000,0.0000,0.6874,0.0000,0.9351,0.0000,0.0000
rmd_the_juicy_lasting_12,rom&nd,the_juicy_lasting,12,アップルブラウン,https://cloudflare.lipscosme.com/image/a32918897f64272a968cd5c9-1740112691.png?auto=avif%2Cwebp&fio=1&orient=1&width=1424,421057,https://lipscosme.com/product_patterns/421057,"イエベ・ブルベ問わず,イエベ秋",,54.95,45.96,40.63,,,,,,,,,,"sat=0.71, hue=12°, size=0.24, edge=0.05, spread=0.231, adj=0.00, aspect=1.46, container=False",auto_low,0.2315,0.0002,1.457,False,tint,1.0000,1.0000,0.7000,0.2000,0.0000,0.0000,0.5000,0.6000,0.0000,1.0000,0.0000,1.0000,0.3738,0.0000,0.0000,0.5233,0.0000,0.7986,0.0000,0.0000
rmd_the_juicy_lasting_13,rom&nd,the_juicy_lasting,13,イートドリ,https://cloudflare.lipscosme.com/image/a1157124eeb60670b3c80d31-1740112596.png?auto=avif%2Cwebp&fio=1&orient=1&width=1424,421058,https://lipscosme.com/product_patterns/421058,"イエベ秋,ブルベ夏",,32.85,41.76,35.22,,,,,,,,,,"sat=0.84, hue=9°, size=0.28, edge=0.05, spread=0.229, adj=0.00, aspect=1.56, container=False",auto_low,0.2286,0.0027,1.562,False,tint,0.9105,1.0000,0.7000,0.2000,0.0000,0.0000,0.5000,0.6000,0.0000,1.0000,0.0000,0.9891,0.0000,0.4287,0.0000,0.0000,0.0000,0.5249,0.0000,0.3416
rmd_the_juicy_lasting_14,rom&nd,the_juicy_lasting,14,アーモンドローズ,https://cloudflare.lipscosme.com/image/10324e5eb45c25efa212f8b1-1740114292.png?auto=avif%2Cwebp&fio=1&orient=1&width=1424,415656,https://lipscosme.com/product_patterns/415656,"ブルベ夏,ブルベ冬",,41.45,42.66,22.76,,,,,,,,,,"sat=0.62, hue=0°, size=0.27, edge=0.05, spread=0.250, adj=0.01, aspect=1.56, container=False",auto_low,0.2505,0.0076,1.561,False,tint,0.8059,0.9670,0.7000,0.2000,0.0000,0.0000,0.5000,0.6000,0.0000,1.0000,0.0324,0.9419,0.0363,0.2137,0.0248,0.0478,0.0008,0.5292,0.0350,0.1708
rmd_the_juicy_lasting_15,rom&nd,the_juicy_lasting,15,ベアフィグ,https://cloudflare.lipscosme.com/image/20ef671a6ba4bf280e316dce-1740114228.png?auto=avif%2Cwebp&fio=1&orient=1&width=1424,415657,https://lipscosme.com/product_patterns/415657,ブルベ冬,,40.41,40.68,7.20,,,,,,,,,,"sat=0.59, hue=346°, size=0.26, edge=0.04, spread=0.252, adj=0.02, aspect=1.57, container=False",auto_low,0.2524,0.0166,1.566,False,tint,0.6885,0.8262,0.7000,0.2000,0.0000,0.0000,0.5000,0.6000,0.0000,1.0000,0.2821,0.8231,0.0102,0.2398,0.0963,0.0118,0.0167,0.4637,0.1189,0.1999
rmd_the_juicy_lasting_16,rom&nd,the_juicy_lasting,16,プラムコーク,https://cloudflare.lipscosme.com/image/04a1f3164fef127851cb4466-1740114171.png?auto=avif%2Cwebp&fio=1&orient=1&width=1424,415658,https://lipscosme.com/product_patterns/415658,ブルベ冬,,17.42,33.84,11.26,,,,,,,,,,"sat=0.85, hue=347°, size=0.26, edge=0.05, spread=0.267, adj=0.05, aspect=1.56, container=False",auto_low,0.2671,0.0549,1.564,False,tint,0.5944,0.7133,0.7000,0.2000,0.0000,0.0000,0.5000,0.6000,0.0000,1.0000,0.1434,0.7120,0.0000,0.8145,0.0000,0.0000,0.0000,0.3920,0.0000,0.6980
rmd_the_juicy_lasting_17,rom&nd,the_juicy_lasting,17,ダークココナッツ,https://cloudflare.lipscosme.com/image/2acaf790e2a1320a50020ede-1740112547.png?auto=avif%2Cwebp&fio=1&orient=1&width=1424,421059,https://lipscosme.com/product_patterns/421059,"ブルベ冬,イエベ春",,34.94,34.25,24.83,,,,,,,,,,"sat=0.68, hue=8°, size=0.29, edge=0.05, spread=0.233, adj=0.01, aspect=1.57, container=False",auto_low,0.2332,0.0073,1.567,False,tint,0.7051,0.8461,0.7000,0.2000,0.0000,0.0000,0.5000,0.6000,0.0000,1.0000,0.0000,0.7902,0.0000,0.3765,0.0000,0.0000,0.0000,0.4227,0.0000,0.3065
rmd_the_juicy_lasting_18,rom&nd,the_juicy_lasting,18,ジュジュブジャム(日本限定),https://cloudflare.lipscosme.com/image/5eb22a77005fd7a17694845a-1739771507.png?auto=avif%2Cwebp&fio=1&orient=1&width=1424,421060,https://lipscosme.com/product_patterns/421060,"イエベ春,イエベ・ブルベ問わず",,29.29,30.81,13.98,,,,,,,,,,"sat=0.60, hue=358°, size=0.19, edge=0.02, spread=0.103, adj=0.02, aspect=1.38, container=False",auto_low,0.1027,0.0164,1.378,False,tint,0.5639,0.6767,0.7000,0.2000,0.0000,0.0000,0.5000,0.6000,0.0000,1.0000,0.0660,0.6676,0.0000,0.5178,0.0000,0.0000,0.0000,0.3641,0.0000,0.4463
rmd_the_juicy_lasting_19,rom&nd,the_juicy_lasting,19,サマーセント,https://cloudflare.lipscosme.com/image/1ae74224683982e1ca158cf3-1731545151.png?auto=avif%2Cwebp&fio=1&orient=1&width=1424,415659,https://lipscosme.com/product_patterns/415659,イエベ・ブルベ問わず,,50.04,74.54,53.80,,,,,,,,,,"sat=0.93, hue=357°, size=0.28, edge=0.05, spread=0.231, adj=0.00, aspect=1.60, container=False",auto_low,0.2309,0.0001,1.603,False,tint,1.0000,1.0000,0.7000,0.2000,0.0000,0.0000,0.5000,0.6000,0.0000,1.0000,0.0000,1.0000,0.2510,0.0000,0.0000,0.3514,0.0000,1.0000,0.0000,0.0000
rmd_the_juicy_lasting_20,rom&nd,the_juicy_lasting,20,ジュジュフィグ,https://cloudflare.lipscosme.com/image/b948a5ef3b91c6d96a91c3a6-1740113155.png?auto=avif%2Cwebp&fio=1&orient=1&width=1424,415660,https://lipscosme.com/product_patterns/415660,"イエベ・ブルベ問わず,ブルベ冬,ブルベ夏",,46.01,47.44,15.52,,,,,,,,,,"sat=0.62, hue=352°, size=0.21, edge=0.04, spread=0.209, adj=0.01, aspect=1.57, container=False",auto_low,0.2088,0.0076,1.573,False,tint,0.8319,0.9983,0.7000,0.2000,0.0000,0.0000,0.5000,0.6000,0.0000,1.0000,0.2056,0.9968,0.1502,0.0998,0.0028,0.2097,0.0000,0.6315,0.0042,0.0798
rmd_the_juicy_lasting_21,rom&nd,the_juicy_lasting,21,グレープボム,https://cloudflare.lipscosme.com/image/e74a31c5efdd0c7979fb4190-1740113084.png?auto=avif%2Cwebp&fio=1&orient=1&width=1424,415661,https://lipscosme.com/product_patterns/415661,"ブルベ冬,ブルベ夏",,41.74,59.89,8.62,,,,,,,,,,"sat=0.80, hue=340°, size=0.21, edge=0.04, spread=0.206, adj=0.01, aspect=1.57, container=False",auto_low,0.2055,0.0071,1.570,False,tint,1.0000,1.0000,0.7000,0.2000,0.0000,0.0000,0.5000,0.6000,0.0000,1.0000,0.4496,1.0000,0.0435,0.2065,0.0000,0.0609,0.0000,0.7012,0.0000,0.1652
rmd_the_juicy_lasting_22,rom&nd,the_juicy_lasting,22,ドトリボム,https://cloudflare.lipscosme.com/image/081384d7c27a45b70efa862c-1740112964.png?auto=avif%2Cwebp&fio=1&orient=1&width=1424,415662,https://lipscosme.com/product_patterns/415662,"イエベ・ブルベ問わず,ブルベ夏,イエベ春",,29.41,46.76,29.50,,,,,,,,,,"sat=0.84, hue=358°, size=0.28, edge=0.04, spread=0.226, adj=0.00, aspect=1.54, container=False",auto_low,0.2256,0.0018,1.542,False,tint,0.9215,1.0000,0.7000,0.2000,0.0000,0.0000,0.5000,0.6000,0.0000,1.0000,0.0000,1.0000,0.0000,0.5148,0.0000,0.0000,0.0000,0.5686,0.0000,0.4118
rmd_the_juicy_lasting_23,rom&nd,the_juicy_lasting,23,ピーチピーチミー,https://cloudflare.lipscosme.com/image/55c07fb4af29f5fa81a7c280-1740112825.png?auto=avif%2Cwebp&fio=1&orient=1&width=1424,415663,https://lipscosme.com/product_patterns/415663,"ブルベ夏,イエベ春",,67.87,47.65,12.40,,,,,,,,,,"sat=0.49, hue=352°, size=0.23, edge=0.04, spread=0.226, adj=0.00, aspect=1.61, container=False",auto_low,0.2256,0.0039,1.606,False,tint,0.8206,0.9847,0.7000,0.2000,0.0000,0.0000,0.5000,0.6000,0.0000,1.0000,0.2617,0.9847,0.6968,0.0000,0.0000,0.9605,0.0000,0.9253,0.0000,0.0000
rmd_the_juicy_lasting_24,rom&nd,the_juicy_lasting,24,ベアジューシーオー,https://cloudflare.lipscosme.com/image/b22f56ca62a8a28734a0a03a-1731545233.png?auto=avif%2Cwebp&fio=1&orient=1&width=1424,415664,https://lipscosme.com/product_patterns/415664,"イエベ春,ブルベ冬",,65.46,43.71,50.34,,,,,,,,,,"sat=0.72, hue=18°, size=0.23, edge=0.05, spread=0.233, adj=0.00, aspect=1.59, container=False",auto_low,0.2329,0.0008,1.586,False,tint,1.0000,1.0000,0.7000,0.2000,0.0000,0.0000,0.5000,0.6000,0.0000,1.0000,0.0000,1.0000,0.6365,0.0000,0.0000,0.8911,0.0000,0.9417,0.0000,0.0000
rmd_the_juicy_lasting_26,rom&nd,the_juicy_lasting,26,ミスティックピーチ,https://cloudflare.lipscosme.com/image/2025-06-20-c7b33f56b52dc875eba2005e.png?auto=avif%2Cwebp&fio=1&orient=1&width=1424,432101,https://lipscosme.com/product_patterns/432101,"ブルベ冬,イエベ春",,47.37,58.79,35.72,,,,,,,,,,"sat=0.73, hue=360°, size=0.27, edge=0.02, spread=0.137, adj=0.01, aspect=0.70, container=False",auto_low,0.1370,0.0089,0.704,False,tint,1.0000,1.0000,0.7000,0.2000,0.0000,0.0000,0.5000,0.6000,0.0000,1.0000,0.0000,1.0000,0.1842,0.0658,0.0000,0.2579,0.0000,0.8434,0.0000,0.0526
rmd_the_juicy_lasting_27,rom&nd,the_juicy_lasting,27,ハニーデューメロン,https://cloudflare.lipscosme.com/image/2025-06-20-483aaee4f261a61a4801dc40.png?auto=avif%2Cwebp&fio=1&orient=1&width=1424,432102,https://lipscosme.com/product_patterns/432102,"イエベ春,ブルベ夏,ブルベ冬",,71.79,33.65,25.45,,,,,,,,,,"sat=0.47, hue=10°, size=0.18, edge=0.02, spread=0.113, adj=0.01, aspect=1.30, container=False",auto_low,0.1132,0.0081,1.304,False,tint,0.7032,0.8438,0.7000,0.2000,0.0000,0.0000,0.5000,0.6000,0.0000,1.0000,0.0000,0.7818,0.7948,0.0000,0.0000,0.8699,0.0000,0.7490,0.0000,0.0000
rmd_the_juicy_lasting_28,rom&nd,the_juicy_lasting,28,スノーストロベリー,https://cloudflare.lipscosme.com/image/2025-06-20-82cf8d1ee94d74da986718cd.png?auto=avif%2Cwebp&fio=1&orient=1&width=1424,432103,https://lipscosme.com/product_patterns/432103,"ブルベ夏,ブルベ冬",,71.18,39.31,6.41,,,,,,,,,,"sat=0.40, hue=349°, size=0.16, edge=0.02, spread=0.117, adj=0.01, aspect=1.30, container=False",auto_low,0.1168,0.0095,1.304,False,tint,0.6638,0.7966,0.7000,0.2000,0.0000,0.0000,0.5000,0.6000,0.0000,1.0000,0.2821,0.7926,0.7795,0.0000,0.0000,0.8650,0.0000,0.7874,0.0000,0.0000
rmd_the_juicy_lasting_29,rom&nd,the_juicy_lasting,29,ジョソンフィグ,https://cloudflare.lipscosme.com/image/2025-06-20-db38324924943da6ca8936c9.png?auto=avif%2Cwebp&fio=1&orient=1&width=1424,427342,https://lipscosme.com/product_patterns/427342,"ブルベ夏,イエベ春",,,,,,,,,,,,,,"スウォッチ小(size=0.13, edge=0.02, adj=0.01): 容器のみ画像の疑い",excluded,0.0987,0.0059,1.297,False,tint,0.0000,0.0000,0.0000,0.0000,0.0000,0.0000,0.0000,0.0000,0.0000,0.0000,0.0000,0.0000,0.0000,0.0000,0.0000,0.0000,0.0000,0.0000,0.0000,0.0000
rmd_the_juicy_lasting_30,rom&nd,the_juicy_lasting,30,ベアマロン,https://cloudflare.lipscosme.com/image/2025-06-20-006da4ad5414a05f727eb062.png?auto=avif%2Cwebp&fio=1&orient=1&width=1424,432104,https://lipscosme.com/product_patterns/432104,イエベ春,,40.17,17.40,19.24,,,,,,,,,,"sat=0.51, hue=17°, size=0.51, edge=0.02, spread=0.126, adj=0.01, aspect=0.70, container=False",auto_high,0.1256,0.0051,0.701,False,tint,0.4324,0.5188,0.7000,0.2000,0.0000,0.0000,0.5000,0.6000,0.0000,1.0000,0.0000,0.4357,0.0043,0.2457,0.1113,0.0026,0.0535,0.2285,0.0727,0.2141
rmd_dewyful_01,rom&nd,dewyful,1,インコーラル,https://cloudflare.lipscosme.com/image/e09b0d01b37eb6b39333abe2-1647223792.png?auto=avif%2Cwebp&fio=1&orient=1&width=1424,274270,https://lipscosme.com/product_patterns/274270,"イエベ春,イエベ秋",,58.66,46.90,22.19,,,,,,,,,,"sat=0.54, hue=359°, size=0.45, edge=0.03, spread=0.201, adj=0.00, aspect=1.26, container=False",auto_high,0.2012,0.0001,1.261,False,gloss,0.8647,1.0000,0.5000,1.0000,0.0000,0.0000,1.0000,0.2000,0.0000,1.0000,0.0847,1.0000,0.4665,0.0000,0.0000,0.6531,0.0000,0.8154,0.0000,0.0000
rmd_dewyful_02,rom&nd,dewyful,2,ソルティーピーチ,https://cloudflare.lipscosme.com/image/f3c379fff42a53a2c54d555b-1647224838.png?auto=avif%2Cwebp&fio=1&orient=1&width=1424,306673,https://lipscosme.com/product_patterns/306673,"イエベ春,イエベ秋,イエベ・ブルベ問わず",,50.83,39.79,27.59,,,,,,,,,,"sat=0.60, hue=7°, size=0.51, edge=0.03, spread=0.218, adj=0.00, aspect=1.56, container=False",auto_high,0.2180,0.0043,1.559,False,gloss,0.8070,0.9684,0.5000,1.0000,0.0000,0.0000,1.0000,0.2000,0.0000,1.0000,0.0000,0.9115,0.2707,0.0000,0.0803,0.3455,0.0013,0.6209,0.0000,0.0000
rmd_dewyful_03,rom&nd,dewyful,3,イフローズ,https://cloudflare.lipscosme.com/image/c516154327194422a47feab2-1647224668.png?auto=avif%2Cwebp&fio=1&orient=1&width=1424,274271,https://lipscosme.com/product_patterns/274271,"イエベ・ブルベ問わず,イエベ秋",,44.76,39.73,18.18,,,,,,,,,,"sat=0.56, hue=359°, size=0.55, edge=0.03, spread=0.220, adj=0.00, aspect=1.30, container=False",auto_high,0.2200,0.0005,1.303,False,gloss,0.7282,0.8738,0.5000,1.0000,0.0000,0.0000,1.0000,0.2000,0.0000,1.0000,0.0824,0.8616,0.1190,0.1310,0.1745,0.1435,0.0110,0.5257,0.0000,0.1076
rmd_dewyful_04,rom&nd,dewyful,4,チリアップ,https://cloudflare.lipscosme.com/image/e00553f0ca7cfdb9ee269eab-1647224695.png?auto=avif%2Cwebp&fio=1&orient=1&width=1424,274272,https://lipscosme.com/product_patterns/274272,"イエベ秋,ブルベ夏,ブルベ冬",,42.32,39.11,22.44,,,,,,,,,,"sat=0.61, hue=3°, size=0.41, edge=0.04, spread=0.188, adj=0.01, aspect=1.22, container=False",auto_high,0.1883,0.0140,1.215,False,gloss,0.7515,0.9018,0.5000,1.0000,0.0000,0.0000,1.0000,0.2000,0.0000,1.0000,0.0024,0.8717,0.0580,0.1920,0.0901,0.0708,0.0044,0.4986,0.0000,0.1556
rmd_dewyful_05,rom&nd,dewyful,5,タフィー,https://cloudflare.lipscosme.com/image/60c49a3918c3c0ccade4d55b-1647224959.png?auto=avif%2Cwebp&fio=1&orient=1&width=1424,306674,https://lipscosme.com/product_patterns/306674,"ブルベ夏,ブルベ冬",,58.77,46.07,-0.50,,,,,,,,,,"sat=0.50, hue=339°, size=0.42, edge=0.03, spread=0.210, adj=0.01, aspect=1.39, container=False",auto_high,0.2097,0.0095,1.393,False,gloss,0.7679,0.9215,0.5000,1.0000,0.0000,0.0000,1.0000,0.2000,0.0000,1.0000,0.4694,0.8874,0.4693,0.0000,0.1306,0.5830,0.0051,0.7392,0.0000,0.0000
rmd_dewyful_06,rom&nd,dewyful,6,チュリアン,https://cloudflare.lipscosme.com/image/7c4f70f3e8885424ca4319d6-1647224737.png?auto=avif%2Cwebp&fio=1&orient=1&width=1424,274273,https://lipscosme.com/product_patterns/274273,"ブルベ夏,ブルベ冬",,53.96,44.77,-1.05,,,,,,,,,,"sat=0.52, hue=338°, size=0.44, edge=0.03, spread=0.215, adj=0.02, aspect=1.14, container=False",auto_high,0.2148,0.0237,1.140,False,gloss,0.7464,0.8956,0.5000,1.0000,0.0000,0.0000,1.0000,0.2000,0.0000,1.0000,0.4659,0.8595,0.3490,0.0000,0.2691,0.4199,0.0140,0.6581,0.0000,0.0000
rmd_dewyful_07,rom&nd,dewyful,7,チェリーウェイ,https://cloudflare.lipscosme.com/image/bda02a6656143060bd475fce-1647225117.png?auto=avif%2Cwebp&fio=1&orient=1&width=1424,306675,https://lipscosme.com/product_patterns/306675,ブルベ冬,,45.83,58.44,28.08,,,,,,,,,,"sat=0.74, hue=355°, size=0.51, edge=0.03, spread=0.206, adj=0.00, aspect=1.31, container=False",auto_high,0.2060,0.0000,1.313,False,gloss,1.0000,1.0000,0.5000,1.0000,0.0000,0.0000,1.0000,0.2000,0.0000,1.0000,0.0980,1.0000,0.1457,0.1043,0.0000,0.2040,0.0000,0.7947,0.0000,0.0834
rmd_dewyful_08,rom&nd,dewyful,8,ベリーディヴァイン,https://cloudflare.lipscosme.com/image/0828a1f1ef0d177184b5dda9-1647224770.png?auto=avif%2Cwebp&fio=1&orient=1&width=1424,274274,https://lipscosme.com/product_patterns/274274,"ブルベ冬,イエベ秋,イエベ春",,41.32,46.29,-1.05,,,,,,,,,,"sat=0.63, hue=337°, size=0.44, edge=0.03, spread=0.212, adj=0.01, aspect=1.22, container=False",auto_high,0.2121,0.0073,1.216,False,gloss,0.7717,0.9260,0.5000,1.0000,0.0000,0.0000,1.0000,0.2000,0.0000,1.0000,0.4811,0.8888,0.0330,0.2170,0.0538,0.0411,0.0020,0.5211,0.0000,0.1744
rmd_dewyful_12,rom&nd,dewyful,12,キャニオン,https://cloudflare.lipscosme.com/image/5eb6a96bb3b6386037aee084-1668143335.png?auto=avif%2Cwebp&fio=1&orient=1&width=1424,353722,https://lipscosme.com/product_patterns/353722,"イエベ秋,イエベ春,ブルベ夏",,60.66,27.42,21.50,,,,,,,,,,"sat=0.46, hue=11°, size=0.45, edge=0.02, spread=0.212, adj=0.00, aspect=1.29, container=False",auto_high,0.2122,0.0003,1.286,False,gloss,0.5807,0.6969,0.5000,1.0000,0.0000,0.0000,1.0000,0.2000,0.0000,1.0000,0.0000,0.6410,0.5165,0.0000,0.3949,0.4635,0.0599,0.5179,0.0000,0.0000
rmd_dewyful_13,rom&nd,dewyful,13,カスタードモ－ブ（サンリオコラボデュイフルウォーターティント）,https://cloudflare.lipscosme.com/image/df299a8a2bffe729762fe149-1700022130.png?auto=avif%2Cwebp&fio=1&orient=1&width=1424,387191,https://lipscosme.com/product_patterns/387191,"ブルベ夏,イエベ春",,54.55,47.64,17.59,,,,,,,,,,"sat=0.56, hue=355°, size=0.32, edge=0.06, spread=0.193, adj=0.03, aspect=0.73, container=False",auto_low,0.1929,0.0256,0.731,False,gloss,0.8464,1.0000,0.5000,1.0000,0.0000,0.0000,1.0000,0.2000,0.0000,1.0000,0.1717,1.0000,0.3637,0.0000,0.0000,0.5092,0.0000,0.7572,0.0000,0.0000
rmd_dewyful_14,rom&nd,dewyful,14,ピーチモカ(日本限定),https://cloudflare.lipscosme.com/image/0547e6fe4346000e41416315-1675845720.png?auto=avif%2Cwebp&fio=1&orient=1&width=1424,353723,https://lipscosme.com/product_patterns/353723,"イエベ春,ブルベ夏",,71.67,17.37,14.52,,,,,,,,,,"sat=0.30, hue=12°, size=0.36, edge=0.02, spread=0.215, adj=0.00, aspect=1.17, container=False",auto_high,0.2154,0.0020,1.169,False,gloss,0.3773,0.4528,0.5000,1.0000,0.0000,0.0000,1.0000,0.2000,0.0000,1.0000,0.0000,0.4107,0.7918,0.0000,0.0000,0.4553,0.0000,0.3908,0.0000,0.0000
rmd_dewyful_15,rom&nd,dewyful,15,チキタロ（サンリオコラボ デュイフルウォーターティント）,https://cloudflare.lipscosme.com/image/34333d7d7d52d1985ce700e2-1700021623.png?auto=avif%2Cwebp&fio=1&orient=1&width=1424,387188,https://lipscosme.com/product_patterns/387188,"ブルベ夏,ブルベ冬",,59.99,44.35,0.47,,,,,,,,,,"sat=0.48, hue=341°, size=0.32, edge=0.06, spread=0.191, adj=0.02, aspect=0.78, container=False",auto_low,0.1906,0.0224,0.781,False,gloss,0.7392,0.8870,0.5000,1.0000,0.0000,0.0000,1.0000,0.2000,0.0000,1.0000,0.4354,0.8592,0.4998,0.0000,0.1616,0.6011,0.0091,0.7292,0.0000,0.0000
rmd_dewyful_16,rom&nd,dewyful,16,チアリーピンク（サンリオコラボデュイフルウォーターティント）,https://cloudflare.lipscosme.com/image/531c4397cef44ef1bb1adb20-1700022027.png?auto=avif%2Cwebp&fio=1&orient=1&width=1424,387190,https://lipscosme.com/product_patterns/387190,"ブルベ夏,イエベ・ブルベ問わず",,80.87,26.22,7.92,,,,,,,,,,"sat=0.28, hue=356°, size=0.36, edge=0.04, spread=0.209, adj=0.05, aspect=1.05, container=False",auto_high,0.2093,0.0489,1.048,False,gloss,0.4565,0.5478,0.5000,1.0000,0.0000,0.0000,1.0000,0.2000,0.0000,1.0000,0.1250,0.5475,1.0000,0.0000,0.0000,0.7665,0.0000,0.6044,0.0000,0.0000
rmd_dewyful_17,rom&nd,dewyful,17,メロウシュガー（サンリオコラボ デュイフルウォーターティント）,https://cloudflare.lipscosme.com/image/51eb75443a84481bcab06ec9-1700021642.png?auto=avif%2Cwebp&fio=1&orient=1&width=1424,387189,https://lipscosme.com/product_patterns/387189,イエベ・ブルベ問わず,,66.68,44.67,26.61,,,,,,,,,,"sat=0.53, hue=5°, size=0.24, edge=0.05, spread=0.192, adj=0.01, aspect=1.08, container=False",auto_low,0.1921,0.0145,1.077,False,gloss,0.8666,1.0000,0.5000,1.0000,0.0000,0.0000,1.0000,0.2000,0.0000,1.0000,0.0000,1.0000,0.6670,0.0000,0.0000,0.9338,0.0000,0.9004,0.0000,0.0000
rmd_glasting_water_01,rom&nd,glasting_water,1,コーラル ミスト,https://cloudflare.lipscosme.com/image/b85aaba1d48fd413fd0a015c-1675069732.png?auto=avif%2Cwebp&fio=1&orient=1&width=1424,202041,https://lipscosme.com/product_patterns/202041,"イエベ春,イエベ秋,ブルベ冬",,43.91,45.47,24.78,,,,,,,,,,"sat=0.63, hue=0°, size=0.43, edge=0.03, spread=0.178, adj=0.00, aspect=1.23, container=False",auto_high,0.1783,0.0000,1.230,False,gloss,0.8631,1.0000,0.5000,1.0000,0.0000,0.0000,1.0000,0.2000,0.0000,1.0000,0.0255,1.0000,0.0977,0.1523,0.0000,0.1368,0.0000,0.5987,0.0000,0.1218
rmd_glasting_water_02,rom&nd,glasting_water,2,レッド ドロップ,https://cloudflare.lipscosme.com/image/1b9666cd116a1e4d998344fe-1598086539.png?auto=avif%2Cwebp&fio=1&orient=1&width=1424,202042,https://lipscosme.com/product_patterns/202042,"イエベ秋,イエベ・ブルベ問わず,イエベ春",,32.73,43.73,23.86,,,,,,,,,,"sat=0.73, hue=358°, size=0.37, edge=0.03, spread=0.188, adj=0.01, aspect=1.30, container=False",auto_high,0.1885,0.0074,1.302,False,gloss,0.8303,0.9963,0.5000,1.0000,0.0000,0.0000,1.0000,0.2000,0.0000,1.0000,0.0240,0.9683,0.0000,0.4318,0.0000,0.0000,0.0000,0.5245,0.0000,0.3421
rmd_glasting_water_03,rom&nd,glasting_water,3,ブリック リバー,https://cloudflare.lipscosme.com/image/7db005640ca92ce1a7eeff07-1598086570.png?auto=avif%2Cwebp&fio=1&orient=1&width=1424,202043,https://lipscosme.com/product_patterns/202043,"イエベ秋,イエベ春",,41.45,39.06,26.14,,,,,,,,,,"sat=0.65, hue=6°, size=0.32, edge=0.03, spread=0.146, adj=0.00, aspect=1.24, container=False",auto_high,0.1458,0.0003,1.244,False,gloss,0.7833,0.9400,0.5000,1.0000,0.0000,0.0000,1.0000,0.2000,0.0000,1.0000,0.0000,0.8899,0.0363,0.2137,0.0451,0.0452,0.0014,0.4952,0.0000,0.1704
rmd_glasting_water_04,rom&nd,glasting_water,4,ビンテージ オーシャン,https://cloudflare.lipscosme.com/image/f30f434d7bbc03d0c2bff8eb-1598086594.png?auto=avif%2Cwebp&fio=1&orient=1&width=1424,202044,https://lipscosme.com/product_patterns/202044,"イエベ秋,ブルベ冬,ブルベ夏",,29.00,29.51,18.88,,,,,,,,,,"sat=0.65, hue=5°, size=0.38, edge=0.03, spread=0.175, adj=0.00, aspect=1.29, container=False",auto_high,0.1748,0.0046,1.287,False,gloss,0.5839,0.7007,0.5000,1.0000,0.0000,0.0000,1.0000,0.2000,0.0000,1.0000,0.0000,0.6678,0.0000,0.5250,0.0000,0.0000,0.0000,0.3593,0.0000,0.4463
rmd_glasting_water_05,rom&nd,glasting_water,5,ローズ スプラッシュ,https://cloudflare.lipscosme.com/image/5562394dd20be57230a55167-1598086623.png?auto=avif%2Cwebp&fio=1&orient=1&width=1424,202045,https://lipscosme.com/product_patterns/202045,"ブルベ冬,ブルベ夏",,38.73,38.35,10.10,,,,,,,,,,"sat=0.59, hue=350°, size=0.47, edge=0.03, spread=0.167, adj=0.00, aspect=1.32, container=False",auto_high,0.1670,0.0030,1.318,False,gloss,0.6610,0.7932,0.5000,1.0000,0.0000,0.0000,1.0000,0.2000,0.0000,1.0000,0.2086,0.7931,0.0000,0.2818,0.0485,0.0000,0.0050,0.4391,0.0000,0.2371
rmd_glasting_water_06,rom&nd,glasting_water,6,パープル シャワー,https://cloudflare.lipscosme.com/image/6a0c2c6537de5fe8cd1227ea-1598086651.png?auto=avif%2Cwebp&fio=1&orient=1&width=1424,202046,https://lipscosme.com/product_patterns/202046,"ブルベ冬,ブルベ夏",,26.07,36.04,8.42,,,,,,,,,,"sat=0.70, hue=347°, size=0.33, edge=0.03, spread=0.193, adj=0.02, aspect=1.37, container=False",auto_high,0.1930,0.0241,1.371,False,gloss,0.6168,0.7402,0.5000,1.0000,0.0000,0.0000,1.0000,0.2000,0.0000,1.0000,0.2146,0.7398,0.0000,0.5982,0.0000,0.0000,0.0000,0.4106,0.0000,0.5096
rmd_glasting_water_07,rom&nd,glasting_water,7,ピンク バレー,https://cloudflare.lipscosme.com/image/a78b8c5b25167ebd1107c176-1598086685.png?auto=avif%2Cwebp&fio=1&orient=1&width=1424,202047,https://lipscosme.com/product_patterns/202047,"ブルベ夏,ブルベ冬",,42.72,43.00,16.26,,,,,,,,,,"sat=0.61, hue=354°, size=0.32, edge=0.04, spread=0.178, adj=0.01, aspect=1.20, container=False",auto_high,0.1784,0.0097,1.204,False,gloss,0.7662,0.9194,0.5000,1.0000,0.0000,0.0000,1.0000,0.2000,0.0000,1.0000,0.1484,0.9149,0.0680,0.1820,0.0801,0.0871,0.0032,0.5360,0.0000,0.1483
rmd_glasting_water_08,rom&nd,glasting_water,8,ローズ ストリーム,https://cloudflare.lipscosme.com/image/a78b8c5b25167ebd1107c176-1598086707.png?auto=avif%2Cwebp&fio=1&orient=1&width=1424,202048,https://lipscosme.com/product_patterns/202048,"ブルベ夏,ブルベ冬",,42.72,43.00,16.26,,,,,,,,,,"sat=0.61, hue=354°, size=0.32, edge=0.04, spread=0.178, adj=0.01, aspect=1.20, container=False",auto_high,0.1784,0.0097,1.204,False,gloss,0.7662,0.9194,0.5000,1.0000,0.0000,0.0000,1.0000,0.2000,0.0000,1.0000,0.1484,0.9149,0.0680,0.1820,0.0801,0.0871,0.0032,0.5360,0.0000,0.1483
rmd_glasting_water_09,rom&nd,glasting_water,9,ソフトプール,https://cloudflare.lipscosme.com/image/ccd51fb4825c83e58bc4fa67-1598086803.png?auto=avif%2Cwebp&fio=1&orient=1&width=1424,208252,https://lipscosme.com/product_patterns/208252,"ブルベ夏,ブルベ冬,イエベ秋,イエベ・ブルベ問わず",,,,,,,,,,,,,,"赤系の支配色なし(edge=0.01, max_ratio=0.29)",excluded,,,,,gloss,0.0000,0.0000,0.0000,0.0000,0.0000,0.0000,0.0000,0.0000,0.0000,0.0000,0.0000,0.0000,0.0000,0.0000,0.0000,0.0000,0.0000,0.0000,0.0000,0.0000
rmd_zero_velvet_01,rom&nd,zero_velvet,1,メルティング(MELTING),https://cloudflare.lipscosme.com/image/22eb2ddb0b0aa67907c08d62-1564989183.png?auto=avif%2Cwebp&fio=1&orient=1&width=1424,166954,https://lipscosme.com/product_patterns/166954,"イエベ秋,イエベ春",,44.04,44.46,26.61,,,,,,,,,,"sat=0.65, hue=3°, size=0.31, edge=0.03, spread=0.150, adj=0.00, aspect=1.04, container=False",auto_high,0.1505,0.0017,1.043,False,velvet,0.8636,1.0000,0.0000,0.0000,0.0000,1.0000,0.1000,0.8000,0.0000,0.0000,0.0000,0.9966,0.1010,0.1490,0.0000,0.1409,0.0000,0.5922,0.0000,0.1191
rmd_zero_velvet_02,rom&nd,zero_velvet,2,ジョイフル(JOYFUL),https://cloudflare.lipscosme.com/image/344fdfd6afae3413d54520d9-1586487375.png?auto=avif%2Cwebp&fio=1&orient=1&width=1424,166955,https://lipscosme.com/product_patterns/166955,"イエベ秋,イエベ春",,55.83,53.07,44.83,,,,,,,,,,"sat=0.74, hue=10°, size=0.42, edge=0.02, spread=0.199, adj=0.01, aspect=4.76, container=True",auto_low,0.1990,0.0066,4.765,True,velvet,1.0000,1.0000,0.0000,0.0000,0.0000,1.0000,0.1000,0.8000,0.0000,0.0000,0.0000,1.0000,0.3957,0.0000,0.0000,0.5540,0.0000,0.9313,0.0000,0.0000
rmd_zero_velvet_03,rom&nd,zero_velvet,3,ペルシレッド(PERSIRED),https://cloudflare.lipscosme.com/image/f25efead0d4aca63d8520dd3-1564989256.png?auto=avif%2Cwebp&fio=1&orient=1&width=1424,166956,https://lipscosme.com/product_patterns/166956,"イエベ秋,イエベ春,ブルベ夏,ブルベ冬",,27.04,46.00,33.33,,,,,,,,,,"sat=0.89, hue=0°, size=0.33, edge=0.03, spread=0.154, adj=0.02, aspect=1.08, container=False",auto_high,0.1538,0.0166,1.079,False,velvet,0.9468,1.0000,0.0000,0.0000,0.0000,1.0000,0.1000,0.8000,0.0000,0.0000,0.0000,1.0000,0.0000,0.5740,0.0000,0.0000,0.0000,0.5677,0.0000,0.4592
rmd_zero_velvet_04,rom&nd,zero_velvet,4,バーントハート(BURNT HEART),https://cloudflare.lipscosme.com/image/ea9bc60db63ae59a943da291-1564989300.png?auto=avif%2Cwebp&fio=1&orient=1&width=1424,166957,https://lipscosme.com/product_patterns/166957,"ブルベ夏,ブルベ冬,イエベ秋",,39.08,30.69,7.90,,,,,,,,,,"sat=0.50, hue=352°, size=0.28, edge=0.03, spread=0.147, adj=0.00, aspect=1.00, container=False",auto_low,0.1473,0.0040,1.005,False,velvet,0.5282,0.6338,0.0000,0.0000,0.0000,1.0000,0.1000,0.8000,0.0000,0.0000,0.1701,0.6338,0.0000,0.2730,0.1005,0.0000,0.0184,0.3511,0.0000,0.2384
rmd_zero_velvet_05,rom&nd,zero_velvet,5,ウィッティ(WITTY),https://cloudflare.lipscosme.com/image/3f806a130cb11a0d72b03d38-1586487471.png?auto=avif%2Cwebp&fio=1&orient=1&width=1424,166959,https://lipscosme.com/product_patterns/166959,"イエベ秋,ブルベ冬",,41.61,46.70,33.69,,,,,,,,,,"sat=0.74, hue=6°, size=0.41, edge=0.02, spread=0.201, adj=0.00, aspect=1.69, container=False",auto_high,0.2006,0.0029,1.688,False,velvet,0.9597,1.0000,0.0000,0.0000,0.0000,1.0000,0.1000,0.8000,0.0000,0.0000,0.0000,1.0000,0.0402,0.2098,0.0000,0.0563,0.0000,0.5992,0.0000,0.1678
rmd_zero_velvet_06,rom&nd,zero_velvet,6,ディープソウル(DEEP SOUL),https://cloudflare.lipscosme.com/image/4e5c0a4854e2f24838b4288c-1586487536.png?auto=avif%2Cwebp&fio=1&orient=1&width=1424,166960,https://lipscosme.com/product_patterns/166960,"イエベ秋,ブルベ冬",,34.17,42.17,33.90,,,,,,,,,,"sat=0.81, hue=8°, size=0.34, edge=0.02, spread=0.193, adj=0.00, aspect=1.71, container=False",auto_high,0.1933,0.0003,1.707,False,velvet,0.9018,1.0000,0.0000,0.0000,0.0000,1.0000,0.1000,0.8000,0.0000,0.0000,0.0000,0.9901,0.0000,0.3957,0.0000,0.0000,0.0000,0.5268,0.0000,0.3154
rmd_zero_velvet_07,rom&nd,zero_velvet,7,フィズ(FIZZ),https://cloudflare.lipscosme.com/image/1132df6e95601e26e0cc3648-1601884379.png?auto=avif%2Cwebp&fio=1&orient=1&width=1424,204319,https://lipscosme.com/product_patterns/204319,"ブルベ冬,ブルベ夏",,32.28,53.80,30.58,,,,,,,,,,"sat=0.92, hue=352°, size=0.21, edge=0.02, spread=0.234, adj=0.01, aspect=1.03, container=False",auto_low,0.2335,0.0055,1.031,False,velvet,1.0000,1.0000,0.0000,0.0000,0.0000,1.0000,0.1000,0.8000,0.0000,0.0000,0.0083,1.0000,0.0000,0.4430,0.0000,0.0000,0.0000,0.6477,0.0000,0.3544
rmd_zero_velvet_08,rom&nd,zero_velvet,8,アイシー(ICY),https://cloudflare.lipscosme.com/image/35077259ecaa9078eee19401-1675062422.png?auto=avif%2Cwebp&fio=1&orient=1&width=1424,204320,https://lipscosme.com/product_patterns/204320,"ブルベ冬,ブルベ夏",,39.41,36.51,6.58,,,,,,,,,,"sat=0.56, hue=347°, size=0.24, edge=0.04, spread=0.200, adj=0.00, aspect=1.11, container=False",auto_low,0.1995,0.0020,1.105,False,velvet,0.6183,0.7420,0.0000,0.0000,0.0000,1.0000,0.1000,0.8000,0.0000,0.0000,0.2511,0.7394,0.0000,0.2648,0.0939,0.0000,0.0121,0.4122,0.0000,0.2253
rmd_zero_velvet_09,rom&nd,zero_velvet,9,ポーラー(POLAR),https://cloudflare.lipscosme.com/image/3ec142f91190055c7959469e-1607592621.png?auto=avif%2Cwebp&fio=1&orient=1&width=1424,204321,https://lipscosme.com/product_patterns/204321,"ブルベ夏,イエベ春",,55.81,45.21,8.51,,,,,,,,,,"sat=0.52, hue=348°, size=0.28, edge=0.03, spread=0.210, adj=0.00, aspect=1.08, container=False",auto_low,0.2100,0.0018,1.082,False,velvet,0.7667,0.9201,0.0000,0.0000,0.0000,1.0000,0.1000,0.8000,0.0000,0.0000,0.3047,0.9174,0.3953,0.0000,0.1780,0.5077,0.0071,0.7131,0.0000,0.0000
rmd_zero_velvet_10,rom&nd,zero_velvet,10,フィーバー(FEVER),https://cloudflare.lipscosme.com/image/51457ffbb159e40aa4a5d189-1586487595.png?auto=avif%2Cwebp&fio=1&orient=1&width=1424,196361,https://lipscosme.com/product_patterns/196361,"イエベ春,イエベ・ブルベ問わず",,57.53,57.12,36.64,,,,,,,,,,"sat=0.67, hue=4°, size=0.39, edge=0.02, spread=0.199, adj=0.01, aspect=1.58, container=False",auto_high,0.1991,0.0085,1.576,False,velvet,1.0000,1.0000,0.0000,0.0000,0.0000,1.0000,0.1000,0.8000,0.0000,0.0000,0.0000,1.0000,0.4383,0.0000,0.0000,0.6136,0.0000,1.0000,0.0000,0.0000
rmd_zero_velvet_11,rom&nd,zero_velvet,11,フレア(FLARE),https://cloudflare.lipscosme.com/image/650a6d49e01ac8e0417ce511-1586487643.png?auto=avif%2Cwebp&fio=1&orient=1&width=1424,196362,https://lipscosme.com/product_patterns/196362,"イエベ・ブルベ問わず,イエベ春,イエベ秋",,49.01,59.95,44.15,,,,,,,,,,"sat=0.79, hue=5°, size=0.40, edge=0.02, spread=0.200, adj=0.00, aspect=1.70, container=False",auto_high,0.1996,0.0011,1.697,False,velvet,1.0000,1.0000,0.0000,0.0000,0.0000,1.0000,0.1000,0.8000,0.0000,0.0000,0.0000,1.0000,0.2252,0.0248,0.0000,0.3153,0.0000,0.9081,0.0000,0.0198
rmd_zero_velvet_12,rom&nd,zero_velvet,12,アンシャーリー(ANNE SHIRLEY),https://cloudflare.lipscosme.com/image/d6e370e929b380586f84ee71-1615993600.png?auto=avif%2Cwebp&fio=1&orient=1&width=1424,206843,https://lipscosme.com/product_patterns/206843,"イエベ春,イエベ秋,イエベ・ブルベ問わず",,35.84,45.54,24.34,,,,,,,,,,"sat=0.71, hue=358°, size=0.35, edge=0.03, spread=0.182, adj=0.01, aspect=2.14, container=False",auto_high,0.1817,0.0057,2.136,False,velvet,0.8606,1.0000,0.0000,0.0000,0.0000,1.0000,0.1000,0.8000,0.0000,0.0000,0.0338,1.0000,0.0000,0.3540,0.0000,0.0000,0.0000,0.5453,0.0000,0.2832
rmd_zero_velvet_13,rom&nd,zero_velvet,13,ベリーケーキ(BERRY CAKE),https://cloudflare.lipscosme.com/image/f973ea60cee154b2a7057726-1609231542.png?auto=avif%2Cwebp&fio=1&orient=1&width=1424,206844,https://lipscosme.com/product_patterns/206844,"イエベ・ブルベ問わず,ブルベ冬",,30.81,41.76,24.17,,,,,,,,,,"sat=0.73, hue=359°, size=0.17, edge=0.02, spread=0.210, adj=0.00, aspect=0.97, container=False",auto_low,0.2095,0.0014,0.974,False,velvet,0.8042,0.9650,0.0000,0.0000,0.0000,1.0000,0.1000,0.8000,0.0000,0.0000,0.0000,0.9319,0.0000,0.4798,0.0000,0.0000,0.0000,0.5036,0.0000,0.3824
rmd_zero_velvet_14,rom&nd,zero_velvet,14,ピーカンタルト(PEACAN TARTE),https://cloudflare.lipscosme.com/image/e627182b61afdb13b0b7d92b-1602820166.png?auto=avif%2Cwebp&fio=1&orient=1&width=1424,206845,https://lipscosme.com/product_patterns/206845,"ブルベ冬,イエベ秋",,32.77,42.67,16.26,,,,,,,,,,"sat=0.71, hue=352°, size=0.36, edge=0.03, spread=0.192, adj=0.01, aspect=1.07, container=False",auto_high,0.1925,0.0123,1.067,False,velvet,0.7611,0.9133,0.0000,0.0000,0.0000,1.0000,0.1000,0.8000,0.0000,0.0000,0.1451,0.9085,0.0000,0.4307,0.0000,0.0000,0.0000,0.4983,0.0000,0.3515
rmd_zero_velvet_15,rom&nd,zero_velvet,15,ラスクラスク(RUSK RUSK),https://cloudflare.lipscosme.com/image/9a41ef62eba1631f94b02112-1602820211.png?auto=avif%2Cwebp&fio=1&orient=1&width=1424,206846,https://lipscosme.com/product_patterns/206846,イエベ秋,,28.78,26.48,18.91,,,,,,,,,,"sat=0.64, hue=8°, size=0.29, edge=0.02, spread=0.227, adj=0.02, aspect=1.17, container=False",auto_low,0.2265,0.0224,1.166,False,velvet,0.5423,0.6508,0.0000,0.0000,0.0000,1.0000,0.1000,0.8000,0.0000,0.0000,0.0000,0.6094,0.0000,0.5305,0.0000,0.0000,0.0000,0.3262,0.0000,0.4549
rmd_zero_velvet_16,rom&nd,zero_velvet,16,バーニーヌード(BURNY NUDE),https://cloudflare.lipscosme.com/image/e4a7be5cabea6722cadb9a58-1602820257.png?auto=avif%2Cwebp&fio=1&orient=1&width=1424,213657,https://lipscosme.com/product_patterns/213657,"イエベ秋,イエベ春",,41.92,35.90,13.30,,,,,,,,,,"sat=0.54, hue=355°, size=0.25, edge=0.03, spread=0.200, adj=0.01, aspect=0.98, container=False",auto_low,0.2004,0.0096,0.982,False,velvet,0.6381,0.7657,0.0000,0.0000,0.0000,1.0000,0.1000,0.8000,0.0000,0.0000,0.1286,0.7624,0.0480,0.2020,0.1973,0.0512,0.0231,0.4386,0.0000,0.1709
rmd_zero_velvet_17,rom&nd,zero_velvet,17,トースティヌード(TOASTY NUDE),https://cloudflare.lipscosme.com/image/e664a24ce0ab94a0eeff1c04-1602820413.png?auto=avif%2Cwebp&fio=1&orient=1&width=1424,213658,https://lipscosme.com/product_patterns/213658,"イエベ秋,イエベ春",,35.38,37.29,23.72,,,,,,,,,,"sat=0.67, hue=4°, size=0.22, edge=0.03, spread=0.192, adj=0.02, aspect=1.00, container=False",auto_low,0.1916,0.0213,0.999,False,velvet,0.7366,0.8839,0.0000,0.0000,0.0000,1.0000,0.1000,0.8000,0.0000,0.0000,0.0000,0.8432,0.0000,0.3655,0.0000,0.0000,0.0000,0.4538,0.0000,0.2964
rmd_zero_velvet_18,rom&nd,zero_velvet,18,ペタルタッセル(PETTAL TASSEL),https://cloudflare.lipscosme.com/image/27198086049c064484b59571-1615993503.png?auto=avif%2Cwebp&fio=1&orient=1&width=1424,218065,https://lipscosme.com/product_patterns/218065,"ブルベ夏,ブルベ冬,イエベ秋,イエベ春",,42.11,32.90,5.90,,,,,,,,,,"sat=0.50, hue=348°, size=0.27, edge=0.02, spread=0.225, adj=0.00, aspect=1.09, container=False",auto_low,0.2255,0.0029,1.089,False,velvet,0.5571,0.6685,0.0000,0.0000,0.0000,1.0000,0.1000,0.8000,0.0000,0.0000,0.2268,0.6661,0.0527,0.1973,0.2911,0.0492,0.0482,0.3910,0.0000,0.1707
rmd_zero_velvet_19,rom&nd,zero_velvet,19,アールグレイショール(EARL GRAY SHAWL),https://cloudflare.lipscosme.com/image/b42b2813db8efd3e292f109f-1615993483.png?auto=avif%2Cwebp&fio=1&orient=1&width=1424,218066,https://lipscosme.com/product_patterns/218066,"イエベ秋,イエベ春",,35.71,29.95,13.43,,,,,,,,,,"sat=0.53, hue=359°, size=0.31, edge=0.02, spread=0.227, adj=0.00, aspect=1.17, container=False",auto_high,0.2267,0.0029,1.174,False,velvet,0.5471,0.6565,0.0000,0.0000,0.0000,1.0000,0.1000,0.8000,0.0000,0.0000,0.0669,0.6481,0.0000,0.3572,0.0000,0.0000,0.0000,0.3536,0.0000,0.3094
rmd_zero_velvet_20,rom&nd,zero_velvet,20,ベリーニット(BERRY KNIT),https://cloudflare.lipscosme.com/image/b5ee35a3337fdf326dc0ee2e-1615993429.png?auto=avif%2Cwebp&fio=1&orient=1&width=1424,218067,https://lipscosme.com/product_patterns/218067,"イエベ秋,ブルベ冬",,21.90,22.96,9.55,,,,,,,,,,"sat=0.57, hue=357°, size=0.27, edge=0.02, spread=0.223, adj=0.08, aspect=1.09, container=False",auto_low,0.2233,0.0798,1.095,False,velvet,0.4144,0.4973,0.0000,0.0000,0.0000,1.0000,0.1000,0.8000,0.0000,0.0000,0.0642,0.4930,0.0000,0.7025,0.0000,0.0000,0.0000,0.2697,0.0000,0.6317
rmd_zero_velvet_21,rom&nd,zero_velvet,21,ヴィランベスト(VILLAIN VEST),https://cloudflare.lipscosme.com/image/e06f2633ed796cab042b2271-1615993457.png?auto=avif%2Cwebp&fio=1&orient=1&width=1424,218068,https://lipscosme.com/product_patterns/218068,ブルベ冬,,17.32,24.53,8.06,,,,,,,,,,"sat=0.66, hue=352°, size=0.43, edge=0.02, spread=0.223, adj=0.15, aspect=1.10, container=False",auto_high,0.2232,0.1508,1.096,False,velvet,0.4303,0.5164,0.0000,0.0000,0.0000,1.0000,0.1000,0.8000,0.0000,0.0000,0.1057,0.5156,0.0000,0.8170,0.0000,0.0000,0.0000,0.2840,0.0000,0.7324
rmd_zero_velvet_22,rom&nd,zero_velvet,22,グレインヌード(GRAIN NUDE)【ヴィンテージフィルター】,https://cloudflare.lipscosme.com/image/2025-10-02-e9e5add36c7119e5501c77b2.png?auto=avif%2Cwebp&fio=1&orient=1&width=1424,454938,https://lipscosme.com/product_patterns/454938,,,48.81,31.20,22.02,,,,,,,,,,"sat=0.54, hue=8°, size=0.16, edge=0.04, spread=0.179, adj=0.00, aspect=0.89, container=False",auto_low,0.1795,0.0034,0.889,False,velvet,0.6365,0.7638,0.0000,0.0000,0.0000,1.0000,0.1000,0.8000,0.0000,0.0000,0.0000,0.7167,0.2203,0.0297,0.5089,0.2210,0.0601,0.4684,0.0000,0.0248
rmd_zero_velvet_23,rom&nd,zero_velvet,23,ヴィンテージトープ(VINTAGE TAUPE)【ヴィンテージフィルター】,https://cloudflare.lipscosme.com/image/2025-10-02-72d95ad7ef5af8f30ebc0b68.png?auto=avif%2Cwebp&fio=1&orient=1&width=1424,454939,https://lipscosme.com/product_patterns/454939,,,,,,,,,,,,,,,"スウォッチ小(size=0.14, edge=0.04, adj=0.09): 容器のみ画像の疑い",excluded,0.1716,0.0869,1.051,False,velvet,0.0000,0.0000,0.0000,0.0000,0.0000,0.0000,0.0000,0.0000,0.0000,0.0000,0.0000,0.0000,0.0000,0.0000,0.0000,0.0000,0.0000,0.0000,0.0000,0.0000
rmd_zero_velvet_24,rom&nd,zero_velvet,24,フェードレッド(FADE RED)【ヴィンテージフィルター】,https://cloudflare.lipscosme.com/image/2025-10-02-86418ddbb66b25b791e18a1d.png?auto=avif%2Cwebp&fio=1&orient=1&width=1424,454940,https://lipscosme.com/product_patterns/454940,,,,,,,,,,,,,,,"スウォッチ小(size=0.14, edge=0.04, adj=0.06): 容器のみ画像の疑い",excluded,0.1650,0.0570,1.087,False,velvet,0.0000,0.0000,0.0000,0.0000,0.0000,0.0000,0.0000,0.0000,0.0000,0.0000,0.0000,0.0000,0.0000,0.0000,0.0000,0.0000,0.0000,0.0000,0.0000,0.0000
rmd_zero_velvet_25,rom&nd,zero_velvet,25,ナードピンク(NERD PINK)【ヴィンテージフィルター】,https://cloudflare.lipscosme.com/image/2025-10-02-2ab8964b8e02d69ab319ad89.png?auto=avif%2Cwebp&fio=1&orient=1&width=1424,454941,https://lipscosme.com/product_patterns/454941,,,45.73,20.32,6.67,,,,,,,,,,"sat=0.34, hue=357°, size=0.26, edge=0.04, spread=0.137, adj=0.05, aspect=1.04, container=False",auto_low,0.1372,0.0451,1.043,False,velvet,0.3564,0.4277,0.0000,0.0000,0.0000,1.0000,0.1000,0.8000,0.0000,0.0000,0.0877,0.4271,0.1432,0.1068,0.2002,0.0857,0.0573,0.2689,0.0000,0.0976
rmd_zero_velvet_26,rom&nd,zero_velvet,26,ペッパーチェリー(PEPPER CHERRY),https://cloudflare.lipscosme.com/image/ee85ac9f07bd5a3ffcc30245-1701658384.png?auto=avif%2Cwebp&fio=1&orient=1&width=1424,388665,https://lipscosme.com/product_patterns/388665,,,40.11,41.41,23.91,,,,,,,,,,"sat=0.64, hue=2°, size=0.28, edge=0.02, spread=0.218, adj=0.02, aspect=1.03, container=False",auto_low,0.2183,0.0154,1.029,False,velvet,0.7970,0.9563,0.0000,0.0000,0.0000,1.0000,0.1000,0.8000,0.0000,0.0000,0.0000,0.9237,0.0027,0.2473,0.0217,0.0036,0.0005,0.5006,0.0000,0.1975
rmd_zero_velvet_27,rom&nd,zero_velvet,27,オークウッド(OAK WOOD),https://cloudflare.lipscosme.com/image/55a2201b6f0c3d9ce95375d1-1701658345.png?auto=avif%2Cwebp&fio=1&orient=1&width=1424,388666,https://lipscosme.com/product_patterns/388666,,,40.97,25.83,21.71,,,,,,,,,,"sat=0.57, hue=12°, size=0.42, edge=0.02, spread=0.230, adj=0.01, aspect=0.95, container=False",auto_high,0.2299,0.0105,0.952,False,velvet,0.5624,0.6748,0.0000,0.0000,0.0000,1.0000,0.1000,0.8000,0.0000,0.0000,0.0000,0.6114,0.0242,0.2258,0.2149,0.0208,0.0349,0.3324,0.0000,0.1910
rmd_zero_velvet_28,rom&nd,zero_velvet,28,スパイシーナッツ(SPICY NUT),https://cloudflare.lipscosme.com/image/42e66b6d46b1c51259d69546-1701658221.png?auto=avif%2Cwebp&fio=1&orient=1&width=1424,388667,https://lipscosme.com/product_patterns/388667,,,31.61,28.41,20.00,,,,,,,,,,"sat=0.63, hue=8°, size=0.31, edge=0.02, spread=0.235, adj=0.01, aspect=0.99, container=False",auto_high,0.2350,0.0136,0.986,False,velvet,0.5791,0.6949,0.0000,0.0000,0.0000,1.0000,0.1000,0.8000,0.0000,0.0000,0.0000,0.6524,0.0000,0.4597,0.0000,0.0000,0.0000,0.3495,0.0000,0.3900
rmd_zero_velvet_29,rom&nd,zero_velvet,29,モーブノワール(MAUVE NOIR),https://cloudflare.lipscosme.com/image/2c303d321af527011e0f6aaf-1701658293.png?auto=avif%2Cwebp&fio=1&orient=1&width=1424,388668,https://lipscosme.com/product_patterns/388668,"ブルベ冬,イエベ・ブルベ問わず",,37.10,23.52,9.52,,,,,,,,,,"sat=0.43, hue=359°, size=0.32, edge=0.03, spread=0.239, adj=0.02, aspect=0.96, container=False",auto_high,0.2388,0.0182,0.960,False,velvet,0.4229,0.5075,0.0000,0.0000,0.0000,1.0000,0.1000,0.8000,0.0000,0.0000,0.0703,0.5037,0.0000,0.3225,0.0000,0.0000,0.0000,0.2757,0.0000,0.2894
rmd_zero_velvet_30,rom&nd,zero_velvet,30,ディープポート(DEEP PORT),https://cloudflare.lipscosme.com/image/956b5c482291a83f9f2aa9d2-1701658167.png?auto=avif%2Cwebp&fio=1&orient=1&width=1424,388669,https://lipscosme.com/product_patterns/388669,"ブルベ冬,イエベ・ブルベ問わず",,30.77,24.36,14.92,,,,,,,,,,"sat=0.55, hue=5°, size=0.43, edge=0.02, spread=0.236, adj=0.01, aspect=1.02, container=False",auto_high,0.2355,0.0143,1.016,False,velvet,0.4761,0.5713,0.0000,0.0000,0.0000,1.0000,0.1000,0.8000,0.0000,0.0000,0.0000,0.5478,0.0000,0.4808,0.0000,0.0000,0.0000,0.2953,0.0000,0.4224
rmd_blur_fudge_01,rom&nd,blur_fudge,1,ポメロコ(POMELOCO),https://cloudflare.lipscosme.com/image/6eee0e7971936ec44149b4b3-1687245242.png?auto=avif%2Cwebp&fio=1&orient=1&width=1424,245525,https://lipscosme.com/product_patterns/245525,"イエベ春,イエベ秋",,54.08,41.63,28.22,,,,,,,,,,"sat=0.59, hue=7°, size=0.36, edge=0.03, spread=0.178, adj=0.00, aspect=3.08, container=False",auto_high,0.1779,0.0020,3.085,False,matte,0.8382,1.0000,0.0000,0.0000,1.0000,0.0000,0.0000,0.9000,1.0000,0.0000,0.0000,0.9503,0.3520,0.0000,0.0000,0.4683,0.0000,0.6895,0.0000,0.0000
rmd_blur_fudge_02,rom&nd,blur_fudge,2,ロージーエンタル(ROSIENTAL),https://cloudflare.lipscosme.com/image/c56688345bfba048b075a1a0-1687245259.png?auto=avif%2Cwebp&fio=1&orient=1&width=1424,245526,https://lipscosme.com/product_patterns/245526,"イエベ・ブルベ問わず,イエベ春",,46.27,42.16,21.11,,,,,,,,,,"sat=0.58, hue=360°, size=0.32, edge=0.07, spread=0.170, adj=0.01, aspect=2.70, container=False",auto_low,0.1698,0.0055,2.698,False,matte,0.7858,0.9430,0.0000,0.0000,1.0000,0.0000,0.0000,0.9000,1.0000,0.0000,0.0560,0.9237,0.1568,0.0932,0.0952,0.2027,0.0027,0.5808,0.0000,0.0751
rmd_blur_fudge_03,rom&nd,blur_fudge,3,ムスキー(MUSKY),https://cloudflare.lipscosme.com/image/1146e2669f8f25c9f3298df7-1687245280.png?auto=avif%2Cwebp&fio=1&orient=1&width=1424,245527,https://lipscosme.com/product_patterns/245527,"イエベ春,イエベ秋",,36.22,36.19,21.72,,,,,,,,,,"sat=0.64, hue=3°, size=0.21, edge=0.02, spread=0.154, adj=0.00, aspect=2.83, container=False",auto_low,0.1539,0.0038,2.831,False,matte,0.7035,0.8442,0.0000,0.0000,1.0000,0.0000,0.0000,0.9000,1.0000,0.0000,0.0000,0.8116,0.0000,0.3445,0.0000,0.0000,0.0000,0.4379,0.0000,0.2830
rmd_blur_fudge_04,rom&nd,blur_fudge,4,ラッドウッド(RADWOOD),https://cloudflare.lipscosme.com/image/2be36ddc1b81a9dd69e74b9c-1687245303.png?auto=avif%2Cwebp&fio=1&orient=1&width=1424,245528,https://lipscosme.com/product_patterns/245528,"イエベ秋,ブルベ夏",,28.86,24.19,13.66,,,,,,,,,,"sat=0.55, hue=4°, size=0.44, edge=0.04, spread=0.177, adj=0.04, aspect=2.44, container=False",auto_high,0.1769,0.0371,2.440,False,matte,0.4630,0.5556,0.0000,0.0000,1.0000,0.0000,0.0000,0.9000,1.0000,0.0000,0.0053,0.5380,0.0000,0.5285,0.0000,0.0000,0.0000,0.2911,0.0000,0.4670
rmd_blur_fudge_05,rom&nd,blur_fudge,5,ビビキャンディー(BIBI CANDY),https://cloudflare.lipscosme.com/image/4cf429983438c10ec6a00785-1687245326.png?auto=avif%2Cwebp&fio=1&orient=1&width=1424,245529,https://lipscosme.com/product_patterns/245529,ブルベ夏,,47.56,57.13,11.08,,,,,,,,,,"sat=0.70, hue=344°, size=0.41, edge=0.03, spread=0.179, adj=0.01, aspect=2.81, container=False",auto_high,0.1792,0.0052,2.807,False,matte,0.9699,1.0000,0.0000,0.0000,1.0000,0.0000,0.0000,0.9000,1.0000,0.0000,0.3794,1.0000,0.1890,0.0610,0.0000,0.2646,0.0000,0.7687,0.0000,0.0488
rmd_blur_fudge_06,rom&nd,blur_fudge,6,モーヴィッシュ(MAUVISH),https://cloudflare.lipscosme.com/image/2e1da6d2f18fea2d3ec4aa8f-1687245354.png?auto=avif%2Cwebp&fio=1&orient=1&width=1424,245530,https://lipscosme.com/product_patterns/245530,"ブルベ夏,ブルベ冬",,48.84,36.44,9.87,,,,,,,,,,"sat=0.49, hue=352°, size=0.39, edge=0.06, spread=0.160, adj=0.00, aspect=2.79, container=False",auto_low,0.1602,0.0036,2.786,False,matte,0.6292,0.7551,0.0000,0.0000,1.0000,0.0000,0.0000,0.9000,1.0000,0.0000,0.1934,0.7551,0.2210,0.0290,0.5291,0.2336,0.0648,0.5101,0.0000,0.0246
rmd_blur_fudge_07,rom&nd,blur_fudge,7,クールローズアップ(COOL ROSE UP),https://cloudflare.lipscosme.com/image/cfe0ccebbc57d779cffdf803-1687245434.png?auto=avif%2Cwebp&fio=1&orient=1&width=1424,245531,https://lipscosme.com/product_patterns/245531,"ブルベ冬,ブルベ夏",,44.31,41.65,13.13,,,,,,,,,,"sat=0.58, hue=352°, size=0.36, edge=0.03, spread=0.177, adj=0.00, aspect=2.83, container=False",auto_high,0.1766,0.0043,2.833,False,matte,0.7278,0.8734,0.0000,0.0000,1.0000,0.0000,0.0000,0.9000,1.0000,0.0000,0.1891,0.8726,0.1078,0.1422,0.1642,0.1316,0.0104,0.5329,0.0000,0.1174
rmd_blur_fudge_08,rom&nd,blur_fudge,8,カラントジャム(CURRANT JAM),https://cloudflare.lipscosme.com/image/8197d757dc6094f69f770e42-1687245459.png?auto=avif%2Cwebp&fio=1&orient=1&width=1424,245532,https://lipscosme.com/product_patterns/245532,ブルベ冬,,36.70,44.04,14.78,,,,,,,,,,"sat=0.68, hue=351°, size=0.40, edge=0.03, spread=0.157, adj=0.02, aspect=3.14, container=False",auto_high,0.1571,0.0167,3.137,False,matte,0.7742,0.9291,0.0000,0.0000,1.0000,0.0000,0.0000,0.9000,1.0000,0.0000,0.1844,0.9273,0.0000,0.3325,0.0000,0.0000,0.0000,0.5104,0.0000,0.2705
rmd_blur_fudge_09,rom&nd,blur_fudge,9,コーラルジュビリー(CORAL JUBILEE),https://cloudflare.lipscosme.com/image/4cfb90273f047d0e53802c64-1687228282.png?auto=avif%2Cwebp&fio=1&orient=1&width=1424,373029,https://lipscosme.com/product_patterns/373029,,,54.89,64.50,32.58,,,,,,,,,,"sat=0.71, hue=356°, size=0.45, edge=0.02, spread=0.236, adj=0.00, aspect=1.37, container=False",auto_high,0.2357,0.0002,1.375,False,matte,1.0000,1.0000,0.0000,0.0000,1.0000,0.0000,0.0000,0.9000,1.0000,0.0000,0.0807,1.0000,0.3723,0.0000,0.0000,0.5212,0.0000,1.0000,0.0000,0.0000
rmd_blur_fudge_10,rom&nd,blur_fudge,10,ファッジレッド(FUDGE RED),https://cloudflare.lipscosme.com/image/cf777d05881ac073cc080ac8-1687228311.png?auto=avif%2Cwebp&fio=1&orient=1&width=1424,373030,https://lipscosme.com/product_patterns/373030,"ブルベ夏,ブルベ冬",,49.47,63.91,30.14,,,,,,,,,,"sat=0.76, hue=353°, size=0.43, edge=0.03, spread=0.227, adj=0.00, aspect=1.42, container=False",auto_high,0.2269,0.0012,1.421,False,matte,1.0000,1.0000,0.0000,0.0000,1.0000,0.0000,0.0000,0.9000,1.0000,0.0000,0.1171,1.0000,0.2367,0.0133,0.0000,0.3314,0.0000,0.9368,0.0000,0.0106
rmd_blur_fudge_11,rom&nd,blur_fudge,11,フューシャバイブ(FUCHSIA VIBE),https://cloudflare.lipscosme.com/image/7187580d911580729ebdec08-1687228336.png?auto=avif%2Cwebp&fio=1&orient=1&width=1424,373031,https://lipscosme.com/product_patterns/373031,"ブルベ夏,ブルベ冬,イエベ・ブルベ問わず",,40.86,59.63,23.26,,,,,,,,,,"sat=0.83, hue=348°, size=0.41, edge=0.03, spread=0.239, adj=0.01, aspect=1.56, container=False",auto_high,0.2394,0.0052,1.560,False,matte,1.0000,1.0000,0.0000,0.0000,1.0000,0.0000,0.0000,0.9000,1.0000,0.0000,0.1934,1.0000,0.0215,0.2285,0.0000,0.0301,0.0000,0.7124,0.0000,0.1828
rmd_blur_fudge_12,rom&nd,blur_fudge,12,ウォーミングアップ(WARMING UP),https://cloudflare.lipscosme.com/image/35c8b0717e548fa79f642a9e-1691552917.png?auto=avif%2Cwebp&fio=1&orient=1&width=1424,377271,https://lipscosme.com/product_patterns/377271,"イエベ・ブルベ問わず,ブルベ夏,ブルベ冬",,63.72,29.91,25.72,,,,,,,,,,"sat=0.49, hue=13°, size=0.44, edge=0.02, spread=0.186, adj=0.00, aspect=1.15, container=False",auto_high,0.1855,0.0033,1.147,False,matte,0.6575,0.7890,0.0000,0.0000,1.0000,0.0000,0.0000,0.9000,1.0000,0.0000,0.0000,0.7110,0.5930,0.0000,0.1520,0.5902,0.0160,0.6004,0.0000,0.0000
rmd_blur_fudge_13,rom&nd,blur_fudge,13,クーリングアップ(COOLING UP),https://cloudflare.lipscosme.com/image/16f5f4260229f2c7dea6a059-1691552929.png?auto=avif%2Cwebp&fio=1&orient=1&width=1424,377272,https://lipscosme.com/product_patterns/377272,"ブルベ夏,ブルベ冬",,62.48,39.19,9.98,,,,,,,,,,"sat=0.44, hue=352°, size=0.47, edge=0.02, spread=0.184, adj=0.00, aspect=1.16, container=False",auto_high,0.1843,0.0047,1.164,False,matte,0.6740,0.8088,0.0000,0.0000,1.0000,0.0000,0.0000,0.9000,1.0000,0.0000,0.2190,0.8088,0.5620,0.0000,0.1828,0.6363,0.0175,0.6999,0.0000,0.0000
rmd_blur_fudge_14,rom&nd,blur_fudge,14,アンローズ(UNROSE),https://cloudflare.lipscosme.com/image/302bd0209ea201847d98469d-1691552942.png?auto=avif%2Cwebp&fio=1&orient=1&width=1424,377273,https://lipscosme.com/product_patterns/377273,"ブルベ冬,ブルベ夏",,54.26,46.40,21.29,,,,,,,,,,"sat=0.56, hue=358°, size=0.37, edge=0.03, spread=0.185, adj=0.01, aspect=1.14, container=False",auto_high,0.1854,0.0104,1.144,False,matte,0.8509,1.0000,0.0000,0.0000,1.0000,0.0000,0.0000,0.9000,1.0000,0.0000,0.0952,1.0000,0.3565,0.0000,0.0000,0.4991,0.0000,0.7444,0.0000,0.0000
rmd_blur_fudge_15,rom&nd,blur_fudge,15,ベリフィズ(BERRY FIZZ),https://cloudflare.lipscosme.com/image/eaffd452737528ef63fdcbfb-1691552957.png?auto=avif%2Cwebp&fio=1&orient=1&width=1424,377274,https://lipscosme.com/product_patterns/377274,"ブルベ夏,ブルベ冬",,58.98,50.34,9.53,,,,,,,,,,"sat=0.55, hue=347°, size=0.57, edge=0.02, spread=0.183, adj=0.00, aspect=1.10, container=False",auto_high,0.1829,0.0031,1.100,False,matte,0.8539,1.0000,0.0000,0.0000,1.0000,0.0000,0.0000,0.9000,1.0000,0.0000,0.3383,1.0000,0.4745,0.0000,0.0000,0.6643,0.0000,0.8393,0.0000,0.0000
rmd_blur_fudge_16,rom&nd,blur_fudge,16,バーントオレンジ(BURNT ORANGE),https://cloudflare.lipscosme.com/image/3d5234867d123fcb3ea219e7-1691552975.png?auto=avif%2Cwebp&fio=1&orient=1&width=1424,377275,https://lipscosme.com/product_patterns/377275,ブルベ夏,,36.63,29.98,25.28,,,,,,,,,,"sat=0.66, hue=11°, size=0.34, edge=0.02, spread=0.189, adj=0.02, aspect=1.03, container=False",auto_high,0.1889,0.0171,1.030,False,matte,0.6536,0.7843,0.0000,0.0000,1.0000,0.0000,0.0000,0.9000,1.0000,0.0000,0.0000,0.7100,0.0000,0.3342,0.0000,0.0000,0.0000,0.3768,0.0000,0.2744
rmd_blur_fudge_17,rom&nd,blur_fudge,17,ピーチダウン（rom&amp;nd×INAPSQUARE）,https://cloudflare.lipscosme.com/image/d540f070f7a4e8e8fae26297-1721705143.png?auto=avif%2Cwebp&fio=1&orient=1&width=1424,408562,https://lipscosme.com/product_patterns/408562,,,54.54,32.17,17.99,,,,,,,,,,"sat=0.47, hue=4°, size=0.62, edge=0.03, spread=0.203, adj=0.00, aspect=0.92, container=False",auto_high,0.2026,0.0047,0.923,False,matte,0.6143,0.7372,0.0000,0.0000,1.0000,0.0000,0.0000,0.9000,1.0000,0.0000,0.0101,0.7146,0.3635,0.0000,0.6488,0.3637,0.0853,0.5273,0.0000,0.0000
rmd_blur_fudge_18,rom&nd,blur_fudge,18,バッドベリー（rom&amp;nd×INAPSQUARE）,https://cloudflare.lipscosme.com/image/4aadbb9b239f6a38cc313be4-1721705245.png?auto=avif%2Cwebp&fio=1&orient=1&width=1424,408563,https://lipscosme.com/product_patterns/408563,,,38.30,33.01,9.44,,,,,,,,,,"sat=0.53, hue=352°, size=0.41, edge=0.03, spread=0.201, adj=0.01, aspect=1.10, container=False",auto_high,0.2006,0.0076,1.104,False,matte,0.5722,0.6867,0.0000,0.0000,1.0000,0.0000,0.0000,0.9000,1.0000,0.0000,0.1666,0.6866,0.0000,0.2925,0.0477,0.0000,0.0075,0.3794,0.0000,0.2523
rmd_bare_mool_01,rom&nd,bare_mool,1,ベアバニラ,https://cloudflare.lipscosme.com/image/b2b94041acb5c06f311f6641-1733458807.png?auto=avif%2Cwebp&fio=1&orient=1&width=1424,416588,https://lipscosme.com/product_patterns/416588,"イエベ春,ブルベ夏",,69.28,42.21,23.96,,,,,,,,,,"sat=0.49, hue=4°, size=0.15, edge=0.02, spread=0.161, adj=0.05, aspect=0.27, container=False",auto_low,0.1611,0.0473,0.270,False,other,0.8089,0.9707,0.0000,0.0000,0.0000,0.0000,0.0000,0.0000,0.0000,0.0000,0.0071,0.9395,0.7320,0.0000,0.0000,0.9628,0.0000,0.8800,0.0000,0.0000
rmd_bare_mool_02,rom&nd,bare_mool,2,タフィーフロート,https://cloudflare.lipscosme.com/image/6f8a4f52c591b0b88ec7323e-1733458968.png?auto=avif%2Cwebp&fio=1&orient=1&width=1424,416589,https://lipscosme.com/product_patterns/416589,"ブルベ夏,ブルベ冬",,68.89,48.04,10.26,,,,,,,,,,"sat=0.48, hue=350°, size=0.33, edge=0.03, spread=0.137, adj=0.01, aspect=0.42, container=False",auto_high,0.1374,0.0131,0.424,False,other,0.8187,0.9825,0.0000,0.0000,0.0000,0.0000,0.0000,0.0000,0.0000,0.0000,0.3027,0.9812,0.7223,0.0000,0.0000,0.9921,0.0000,0.9394,0.0000,0.0000
rmd_bare_mool_04,rom&nd,bare_mool,4,ウォーターグレープ,https://cloudflare.lipscosme.com/image/bd90350bc839002ad9859ac8-1733459094.png?auto=avif%2Cwebp&fio=1&orient=1&width=1424,416590,https://lipscosme.com/product_patterns/416590,ブルベ冬,,61.42,53.85,6.59,,,,,,,,,,"sat=0.56, hue=344°, size=0.24, edge=0.02, spread=0.104, adj=0.01, aspect=0.37, container=False",auto_low,0.1041,0.0123,0.366,False,other,0.9042,1.0000,0.0000,0.0000,0.0000,0.0000,0.0000,0.0000,0.0000,0.0000,0.4244,1.0000,0.5355,0.0000,0.0000,0.7497,0.0000,0.9243,0.0000,0.0000
rmd_bare_mool_05,rom&nd,bare_mool,5,アップルウーズ,https://cloudflare.lipscosme.com/image/24d00bd34d75fe665e9ad0ab-1733459300.png?auto=avif%2Cwebp&fio=1&orient=1&width=1424,416591,https://lipscosme.com/product_patterns/416591,"ブルベ冬,イエベ・ブルベ問わず",,44.63,62.61,27.99,,,,,,,,,,"sat=0.81, hue=351°, size=0.36, edge=0.03, spread=0.108, adj=0.03, aspect=0.34, container=False",auto_high,0.1079,0.0306,0.343,False,other,1.0000,1.0000,0.0000,0.0000,0.0000,0.0000,0.0000,0.0000,0.0000,0.0000,0.1413,1.0000,0.1158,0.1342,0.0000,0.1621,0.0000,0.8247,0.0000,0.1074
rmd_bare_mool_06,rom&nd,bare_mool,6,ベリーバイト,https://cloudflare.lipscosme.com/image/6827e8950d3b62ea4f02127d-1733459403.png?auto=avif%2Cwebp&fio=1&orient=1&width=1424,416592,https://lipscosme.com/product_patterns/416592,"ブルベ冬,イエベ・ブルベ問わず",,41.60,64.67,23.61,,,,,,,,,,"sat=0.90, hue=345°, size=0.35, edge=0.02, spread=0.116, adj=0.03, aspect=0.34, container=False",auto_high,0.1160,0.0323,0.336,False,other,1.0000,1.0000,0.0000,0.0000,0.0000,0.0000,0.0000,0.0000,0.0000,0.0000,0.2378,1.0000,0.0400,0.2100,0.0000,0.0560,0.0000,0.7833,0.0000,0.1680
rmd_bare_mool_07,rom&nd,bare_mool,7,チリラッシュ,https://cloudflare.lipscosme.com/image/df83bd77a6a11190c139c275-1733459490.png?auto=avif%2Cwebp&fio=1&orient=1&width=1424,416593,https://lipscosme.com/product_patterns/416593,,,37.73,45.95,41.83,,,,,,,,,,"sat=0.87, hue=11°, size=0.52, edge=0.03, spread=0.131, adj=0.02, aspect=0.30, container=False",auto_high,0.1313,0.0161,0.302,False,other,1.0000,1.0000,0.0000,0.0000,0.0000,0.0000,0.0000,0.0000,0.0000,0.0000,0.0000,1.0000,0.0000,0.3068,0.0000,0.0000,0.0000,0.5835,0.0000,0.2454
rmd_milktea_velvet_01,rom&nd,milktea_velvet,1,レッドティー,https://cloudflare.lipscosme.com/image/47b59bcfbf8134dc55b37426-1619007249.png?auto=avif%2Cwebp&fio=1&orient=1&width=1424,227801,https://lipscosme.com/product_patterns/227801,"ブルベ冬,イエベ秋,イエベ・ブルベ問わず",,50.89,43.59,36.40,,,,,,,,,,"sat=0.69, hue=11°, size=0.26, edge=0.00, spread=0.147, adj=0.00, aspect=5.23, container=False",auto_low,0.1467,0.0000,5.228,False,velvet,0.9465,1.0000,0.0000,0.0000,0.0000,1.0000,0.1000,0.8000,0.0000,0.0000,0.0000,1.0000,0.2722,0.0000,0.0000,0.3811,0.0000,0.6962,0.0000,0.0000
rmd_milktea_velvet_02,rom&nd,milktea_velvet,2,チョコレートティー,https://cloudflare.lipscosme.com/image/1a4e31ccd7d85561e6c299f3-1619007397.png?auto=avif%2Cwebp&fio=1&orient=1&width=1424,227802,https://lipscosme.com/product_patterns/227802,"イエベ秋,ブルベ冬,イエベ・ブルベ問わず",,47.80,38.48,31.40,,,,,,,,,,"sat=0.66, hue=11°, size=0.25, edge=0.00, spread=0.147, adj=0.00, aspect=5.83, container=False",auto_low,0.1471,0.0000,5.827,False,velvet,0.8278,0.9933,0.0000,0.0000,0.0000,1.0000,0.1000,0.8000,0.0000,0.0000,0.0000,0.9059,0.1950,0.0550,0.0131,0.2473,0.0000,0.5756,0.0000,0.0426
rmd_milktea_velvet_03,rom&nd,milktea_velvet,3,シナモンティー,https://cloudflare.lipscosme.com/image/872f031c8f82c42fd7e00653-1619007438.png?auto=avif%2Cwebp&fio=1&orient=1&width=1424,227803,https://lipscosme.com/product_patterns/227803,"ブルベ冬,イエベ秋",,57.64,47.95,35.37,,,,,,,,,,"sat=0.65, hue=8°, size=0.23, edge=0.00, spread=0.151, adj=0.00, aspect=4.69, container=False",auto_low,0.1509,0.0000,4.690,False,velvet,0.9931,1.0000,0.0000,0.0000,0.0000,1.0000,0.1000,0.8000,0.0000,0.0000,0.0000,1.0000,0.4410,0.0000,0.0000,0.6174,0.0000,0.8544,0.0000,0.0000
rmd_milktea_velvet_04,rom&nd,milktea_velvet,4,キャラメルティー,https://cloudflare.lipscosme.com/image/41f935e972d05eeba7860a0a-1619007468.png?auto=avif%2Cwebp&fio=1&orient=1&width=1424,227804,https://lipscosme.com/product_patterns/227804,イエベ秋,,,,,,,,,,,,,,"スウォッチ小(size=0.14, edge=0.00, adj=0.00): 容器のみ画像の疑い",excluded,0.1477,0.0012,5.292,False,velvet,0.0000,0.0000,0.0000,0.0000,0.0000,0.0000,0.0000,0.0000,0.0000,0.0000,0.0000,0.0000,0.0000,0.0000,0.0000,0.0000,0.0000,0.0000,0.0000,0.0000
rmd_milktea_velvet_05,rom&nd,milktea_velvet,5,バニラティー,https://cloudflare.lipscosme.com/image/bc697403dbd41ce1d1d5937e-1659314170.png?auto=avif%2Cwebp&fio=1&orient=1&width=1424,347787,https://lipscosme.com/product_patterns/347787,イエベ秋,,23.90,34.01,27.31,,,,,,,,,,"sat=0.84, hue=8°, size=0.63, edge=0.00, spread=0.165, adj=0.03, aspect=0.84, container=False",auto_high,0.1654,0.0256,0.841,False,velvet,0.7270,0.8724,0.0000,0.0000,0.0000,1.0000,0.1000,0.8000,0.0000,0.0000,0.0000,0.7984,0.0000,0.6525,0.0000,0.0000,0.0000,0.4248,0.0000,0.5242
rmd_milktea_velvet_06,rom&nd,milktea_velvet,6,ジャスミンティー,https://cloudflare.lipscosme.com/image/bd4cf0a7c7d9eee1b26d42d9-1659314188.png?auto=avif%2Cwebp&fio=1&orient=1&width=1424,347788,https://lipscosme.com/product_patterns/347788,イエベ秋,,19.58,35.54,23.11,,,,,,,,,,"sat=0.84, hue=360°, size=0.63, edge=0.00, spread=0.165, adj=0.03, aspect=0.86, container=False",auto_high,0.1647,0.0312,0.856,False,velvet,0.7065,0.8479,0.0000,0.0000,0.0000,1.0000,0.1000,0.8000,0.0000,0.0000,0.0000,0.8062,0.0000,0.7605,0.0000,0.0000,0.0000,0.4335,0.0000,0.6220
rmd_milktea_velvet_07,rom&nd,milktea_velvet,7,ローズティー,https://cloudflare.lipscosme.com/image/9c4e77c1d18014f518493d1e-1659314203.png?auto=avif%2Cwebp&fio=1&orient=1&width=1424,347789,https://lipscosme.com/product_patterns/347789,イエベ秋,,22.67,28.51,16.23,,,,,,,,,,"sat=0.67, hue=2°, size=0.62, edge=0.00, spread=0.163, adj=0.03, aspect=0.86, container=False",auto_high,0.1634,0.0311,0.865,False,velvet,0.5468,0.6561,0.0000,0.0000,0.0000,1.0000,0.1000,0.8000,0.0000,0.0000,0.0040,0.6348,0.0000,0.6832,0.0000,0.0000,0.0000,0.3433,0.0000,0.5892
rmd_milktea_velvet_08,rom&nd,milktea_velvet,8,アールグレイティー,https://cloudflare.lipscosme.com/image/4108667cf39b6b67a11d756c-1659314230.png?auto=avif%2Cwebp&fio=1&orient=1&width=1424,347790,https://lipscosme.com/product_patterns/347790,"イエベ秋,ブルベ冬",,17.84,24.71,14.67,,,,,,,,,,"sat=0.70, hue=3°, size=0.64, edge=0.00, spread=0.166, adj=0.03, aspect=0.86, container=False",auto_high,0.1658,0.0335,0.862,False,velvet,0.4789,0.5747,0.0000,0.0000,0.0000,1.0000,0.1000,0.8000,0.0000,0.0000,0.0000,0.5533,0.0000,0.8040,0.0000,0.0000,0.0000,0.2987,0.0000,0.7064
rmd_milktea_velvet_09,rom&nd,milktea_velvet,9,ブラックティー,https://cloudflare.lipscosme.com/image/c8938be043f62371a4cad8d6-1659314249.png?auto=avif%2Cwebp&fio=1&orient=1&width=1424,347791,https://lipscosme.com/product_patterns/347791,ブルベ冬,,13.82,24.35,12.46,,,,,,,,,,"sat=0.74, hue=358°, size=0.57, edge=0.00, spread=0.189, adj=0.13, aspect=0.98, container=False",auto_high,0.1892,0.1341,0.985,False,velvet,0.4559,0.5471,0.0000,0.0000,0.0000,1.0000,0.1000,0.8000,0.0000,0.0000,0.0277,0.5349,0.0000,0.9045,0.0000,0.0000,0.0000,0.2905,0.0000,0.8022
rmd_juicy_lasting_01,rom&nd,juicy_lasting,1,ジューシーオー(JUCY OH),https://cloudflare.lipscosme.com/image/5542cb709217887658863dd7-1564987934.png?auto=avif%2Cwebp&fio=1&orient=1&width=1424,166930,https://lipscosme.com/product_patterns/166930,"イエベ春,イエベ秋",,63.44,44.53,48.87,,,,,,,,,,"sat=0.72, hue=17°, size=0.25, edge=0.04, spread=0.150, adj=0.00, aspect=1.15, container=False",auto_low,0.1504,0.0003,1.147,False,tint,1.0000,1.0000,0.7000,0.2000,0.0000,0.0000,0.5000,0.6000,0.0000,1.0000,0.0000,1.0000,0.5860,0.0000,0.0000,0.8204,0.0000,0.9223,0.0000,0.0000
rmd_juicy_lasting_02,rom&nd,juicy_lasting,2,ルビーレッド(RUBY RED),https://cloudflare.lipscosme.com/image/b15d7f3a361de5661cc10f83-1564987976.png?auto=avif%2Cwebp&fio=1&orient=1&width=1424,166934,https://lipscosme.com/product_patterns/166934,"イエベ秋,イエベ春,ブルベ冬",,54.04,68.68,52.50,,,,,,,,,,"sat=0.83, hue=4°, size=0.24, edge=0.04, spread=0.147, adj=0.00, aspect=1.14, container=False",auto_low,0.1475,0.0000,1.144,False,tint,1.0000,1.0000,0.7000,0.2000,0.0000,0.0000,0.5000,0.6000,0.0000,1.0000,0.0000,1.0000,0.3510,0.0000,0.0000,0.4914,0.0000,1.0000,0.0000,0.0000
rmd_juicy_lasting_03,rom&nd,juicy_lasting,3,サマーセント(SUMMERSCENT),https://cloudflare.lipscosme.com/image/d6eea780ac96d68c93ae0f32-1564988017.png?auto=avif%2Cwebp&fio=1&orient=1&width=1424,166937,https://lipscosme.com/product_patterns/166937,"ブルベ冬,イエベ・ブルベ問わず",,50.71,75.31,51.22,,,,,,,,,,"sat=0.92, hue=355°, size=0.28, edge=0.04, spread=0.148, adj=0.00, aspect=1.16, container=False",auto_low,0.1476,0.0000,1.157,False,tint,1.0000,1.0000,0.7000,0.2000,0.0000,0.0000,0.5000,0.6000,0.0000,1.0000,0.0000,1.0000,0.2678,0.0000,0.0000,0.3749,0.0000,1.0000,0.0000,0.0000
rmd_juicy_lasting_04,rom&nd,juicy_lasting,4,ドラゴンピンク(DRAGON PINK),https://cloudflare.lipscosme.com/image/423619d3a5d7f6b64337bf91-1564988097.png?auto=avif%2Cwebp&fio=1&orient=1&width=1424,166940,https://lipscosme.com/product_patterns/166940,"イエベ・ブルベ問わず,イエベ春",,54.53,78.10,4.74,,,,,,,,,,"sat=0.84, hue=335°, size=0.28, edge=0.04, spread=0.147, adj=0.00, aspect=1.15, container=False",auto_low,0.1465,0.0000,1.154,False,tint,1.0000,1.0000,0.7000,0.2000,0.0000,0.0000,0.5000,0.6000,0.0000,1.0000,0.6989,1.0000,0.3633,0.0000,0.0000,0.5085,0.0000,1.0000,0.0000,0.0000
rmd_juicy_lasting_05,rom&nd,juicy_lasting,5,ピーチミー(PEACH ME),https://cloudflare.lipscosme.com/image/912614ff00b3713469d44175-1564988132.png?auto=avif%2Cwebp&fio=1&orient=1&width=1424,166942,https://lipscosme.com/product_patterns/166942,"イエベ春,ブルベ夏,ブルベ冬",,63.00,56.41,19.95,,,,,,,,,,"sat=0.58, hue=354°, size=0.30, edge=0.04, spread=0.147, adj=0.00, aspect=1.32, container=False",auto_high,0.1471,0.0000,1.323,False,tint,0.9972,1.0000,0.7000,0.2000,0.0000,0.0000,0.5000,0.6000,0.0000,1.0000,0.2186,1.0000,0.5750,0.0000,0.0000,0.8050,0.0000,1.0000,0.0000,0.0000
rmd_juicy_lasting_06,rom&nd,juicy_lasting,6,フィグフィグ(FIGFIG),https://cloudflare.lipscosme.com/image/deed6992d13ced2e2911caaf-1586486360.png?auto=avif%2Cwebp&fio=1&orient=1&width=1424,166943,https://lipscosme.com/product_patterns/166943,"ブルベ夏,ブルベ冬,イエベ秋",,46.52,66.38,25.58,,,,,,,,,,"sat=0.83, hue=348°, size=0.37, edge=0.03, spread=0.198, adj=0.01, aspect=1.60, container=False",auto_high,0.1983,0.0054,1.596,False,tint,1.0000,1.0000,0.7000,0.2000,0.0000,0.0000,0.5000,0.6000,0.0000,1.0000,0.2207,1.0000,0.1630,0.0870,0.0000,0.2282,0.0000,0.9021,0.0000,0.0696
rmd_juicy_lasting_07,rom&nd,juicy_lasting,7,ジュジュブ(JUJUBE),https://cloudflare.lipscosme.com/image/71d4f75d8b6024f8b31d4122-1586486752.png?auto=avif%2Cwebp&fio=1&orient=1&width=1424,166945,https://lipscosme.com/product_patterns/166945,"イエベ秋,イエベ春",,50.16,61.41,43.64,,,,,,,,,,"sat=0.78, hue=4°, size=0.39, edge=0.03, spread=0.198, adj=0.01, aspect=1.58, container=False",auto_high,0.1980,0.0053,1.579,False,tint,1.0000,1.0000,0.7000,0.2000,0.0000,0.0000,0.5000,0.6000,0.0000,1.0000,0.0000,1.0000,0.2540,0.0000,0.0000,0.3556,0.0000,0.9482,0.0000,0.0000
rmd_juicy_lasting_08,rom&nd,juicy_lasting,8,アップルブラウン(APPLE BROWN),https://cloudflare.lipscosme.com/image/f55204b6e6acfda2ccbd9f78-1586486923.png?auto=avif%2Cwebp&fio=1&orient=1&width=1424,166946,https://lipscosme.com/product_patterns/166946,"イエベ秋,イエベ春",,54.37,49.48,49.84,,,,,,,,,,"sat=0.80, hue=15°, size=0.48, edge=0.03, spread=0.218, adj=0.00, aspect=1.54, container=False",auto_high,0.2177,0.0005,1.537,False,tint,1.0000,1.0000,0.7000,0.2000,0.0000,0.0000,0.5000,0.6000,0.0000,1.0000,0.0000,1.0000,0.3592,0.0000,0.0000,0.5029,0.0000,0.8666,0.0000,0.0000
rmd_juicy_lasting_09,rom&nd,juicy_lasting,9,ライチコーラル(LITCHI CORAL),https://cloudflare.lipscosme.com/image/1f87fc08c9741b7d764057c9-1564988593.png?auto=avif%2Cwebp&fio=1&orient=1&width=1424,166947,https://lipscosme.com/product_patterns/166947,"イエベ春,イエベ秋",,49.45,54.36,20.62,,,,,,,,,,"sat=0.66, hue=353°, size=0.30, edge=0.04, spread=0.152, adj=0.00, aspect=1.21, container=False",auto_low,0.1516,0.0000,1.207,False,tint,0.9690,1.0000,0.7000,0.2000,0.0000,0.0000,0.5000,0.6000,0.0000,1.0000,0.1865,1.0000,0.2363,0.0137,0.0000,0.3308,0.0000,0.7845,0.0000,0.0110
rmd_juicy_lasting_10,rom&nd,juicy_lasting,10,ヌーディピーナッツ(NUDY PEANUT),https://cloudflare.lipscosme.com/image/789eafab5fec99e8cfd3b451-1601885688.png?auto=avif%2Cwebp&fio=1&orient=1&width=1424,196739,https://lipscosme.com/product_patterns/196739,"イエベ秋,イエベ春",,48.31,42.24,34.93,,,,,,,,,,"sat=0.69, hue=10°, size=0.25, edge=0.04, spread=0.220, adj=0.00, aspect=1.14, container=False",auto_low,0.2203,0.0000,1.140,False,tint,0.9135,1.0000,0.7000,0.2000,0.0000,0.0000,0.5000,0.6000,0.0000,1.0000,0.0000,0.9968,0.2078,0.0422,0.0000,0.2899,0.0000,0.6396,0.0000,0.0338
rmd_juicy_lasting_11,rom&nd,juicy_lasting,11,ピンクパンプキン(PINK PUMPKIN),https://cloudflare.lipscosme.com/image/38636cae0ca6f5ba62a79788-1586487063.png?auto=avif%2Cwebp&fio=1&orient=1&width=1424,196359,https://lipscosme.com/product_patterns/196359,"イエベ春,イエベ秋",,54.83,57.51,39.12,,,,,,,,,,"sat=0.71, hue=4°, size=0.38, edge=0.03, spread=0.198, adj=0.00, aspect=1.59, container=False",auto_high,0.1981,0.0037,1.587,False,tint,1.0000,1.0000,0.7000,0.2000,0.0000,0.0000,0.5000,0.6000,0.0000,1.0000,0.0000,1.0000,0.3707,0.0000,0.0000,0.5190,0.0000,0.9661,0.0000,0.0000
rmd_juicy_lasting_12,rom&nd,juicy_lasting,12,チェリーボム(CHERRY BONB),https://cloudflare.lipscosme.com/image/a86cd3c671fb8bd9a88f5e24-1603885460.png?auto=avif%2Cwebp&fio=1&orient=1&width=1424,218087,https://lipscosme.com/product_patterns/218087,"ブルベ冬,イエベ秋",,29.48,44.32,17.86,,,,,,,,,,"sat=0.79, hue=351°, size=0.29, edge=0.04, spread=0.212, adj=0.00, aspect=1.21, container=False",auto_low,0.2119,0.0025,1.208,False,tint,0.7964,0.9557,0.7000,0.2000,0.0000,0.0000,0.5000,0.6000,0.0000,1.0000,0.1339,0.9486,0.0000,0.5130,0.0000,0.0000,0.0000,0.5194,0.0000,0.4139
rmd_juicy_lasting_13,rom&nd,juicy_lasting,13,イートドトリ(EAT DOTORI),https://cloudflare.lipscosme.com/image/11d2d71d39c8311f0c025e66-1586487109.png?auto=avif%2Cwebp&fio=1&orient=1&width=1424,196360,https://lipscosme.com/product_patterns/196360,"イエベ秋,イエベ春,イエベ・ブルベ問わず",,46.25,53.85,44.74,,,,,,,,,,"sat=0.82, hue=9°, size=0.37, edge=0.03, spread=0.195, adj=0.00, aspect=1.54, container=False",auto_high,0.1949,0.0007,1.544,False,tint,1.0000,1.0000,0.7000,0.2000,0.0000,0.0000,0.5000,0.6000,0.0000,1.0000,0.0000,1.0000,0.1562,0.0938,0.0000,0.2188,0.0000,0.7811,0.0000,0.0750
rmd_juicy_lasting_14,rom&nd,juicy_lasting,14,ベリーショット(BERRY SHOT),https://cloudflare.lipscosme.com/image/b1b21dd67e9e690afdac56b6-1601885431.png?auto=avif%2Cwebp&fio=1&orient=1&width=1424,213601,https://lipscosme.com/product_patterns/213601,"イエベ春,イエベ・ブルベ問わず,ブルベ冬,ブルベ夏",,34.86,56.44,30.45,,,,,,,,,,"sat=0.91, hue=351°, size=0.31, edge=0.04, spread=0.225, adj=0.00, aspect=1.17, container=False",auto_high,0.2251,0.0000,1.170,False,tint,1.0000,1.0000,0.7000,0.2000,0.0000,0.0000,0.5000,0.6000,0.0000,1.0000,0.0370,1.0000,0.0000,0.3785,0.0000,0.0000,0.0000,0.6763,0.0000,0.3028
rmd_juicy_lasting_15,rom&nd,juicy_lasting,15,ファンキーメロン(FUNKY MELON),https://cloudflare.lipscosme.com/image/0c2654a9ba0fe860bd86cb58-1601885311.png?auto=avif%2Cwebp&fio=1&orient=1&width=1424,213603,https://lipscosme.com/product_patterns/213603,"ブルベ冬,ブルベ夏,イエベ秋,イエベ春",,41.28,53.65,10.49,,,,,,,,,,"sat=0.73, hue=344°, size=0.27, edge=0.04, spread=0.214, adj=0.02, aspect=1.12, container=False",auto_low,0.2140,0.0169,1.118,False,tint,0.9111,1.0000,0.7000,0.2000,0.0000,0.0000,0.5000,0.6000,0.0000,1.0000,0.3548,1.0000,0.0320,0.2180,0.0000,0.0448,0.0000,0.6267,0.0000,0.1744
rmd_juicy_lasting_16,rom&nd,juicy_lasting,16,コルニソーダ(CORNI SODA),https://cloudflare.lipscosme.com/image/a53d4038f728fc7f6edd775d-1601885359.png?auto=avif%2Cwebp&fio=1&orient=1&width=1424,213594,https://lipscosme.com/product_patterns/213594,"イエベ秋,イエベ春,ブルベ冬",,29.69,46.50,28.48,,,,,,,,,,"sat=0.83, hue=358°, size=0.33, edge=0.04, spread=0.227, adj=0.00, aspect=1.13, container=False",auto_high,0.2273,0.0024,1.132,False,tint,0.9088,1.0000,0.7000,0.2000,0.0000,0.0000,0.5000,0.6000,0.0000,1.0000,0.0000,1.0000,0.0000,0.5077,0.0000,0.0000,0.0000,0.5638,0.0000,0.4062
rmd_juicy_lasting_17,rom&nd,juicy_lasting,17,プラムコーク(PLUM COKE),https://cloudflare.lipscosme.com/image/f42fcbcba91380f4406ef1bf-1601885388.png?auto=avif%2Cwebp&fio=1&orient=1&width=1424,213595,https://lipscosme.com/product_patterns/213595,"ブルベ冬,ブルベ夏",,14.58,31.40,7.79,,,,,,,,,,"sat=0.88, hue=344°, size=0.45, edge=0.04, spread=0.220, adj=0.14, aspect=1.11, container=False",auto_high,0.2198,0.1371,1.111,False,tint,0.5392,0.6470,0.7000,0.2000,0.0000,0.0000,0.5000,0.6000,0.0000,1.0000,0.1791,0.6469,0.0000,0.8855,0.0000,0.0000,0.0000,0.3586,0.0000,0.7709
rmd_juicy_lasting_18,rom&nd,juicy_lasting,18,マルドピーチ(MULLED PEACH),https://cloudflare.lipscosme.com/image/a037ea07673dbd5b8fb63093-1607592615.png?auto=avif%2Cwebp&fio=1&orient=1&width=1424,218083,https://lipscosme.com/product_patterns/218083,"ブルベ夏,イエベ春,ブルベ冬",,45.98,32.44,11.02,,,,,,,,,,"sat=0.47, hue=355°, size=0.28, edge=0.04, spread=0.224, adj=0.01, aspect=1.16, container=False",auto_low,0.2236,0.0129,1.162,False,tint,0.5710,0.6852,0.7000,0.2000,0.0000,0.0000,0.5000,0.6000,0.0000,1.0000,0.1335,0.6837,0.1495,0.1005,0.5085,0.1431,0.1601,0.4325,0.5215,0.0867
rmd_juicy_lasting_19,rom&nd,juicy_lasting,19,アーモンドローズ(ALMAND ROSE),https://cloudflare.lipscosme.com/image/4f407168b43bedb0ab149103-1675064827.png?auto=avif%2Cwebp&fio=1&orient=1&width=1424,218084,https://lipscosme.com/product_patterns/218084,"ブルベ夏,ブルベ冬,イエベ秋",,38.14,32.36,10.96,,,,,,,,,,"sat=0.53, hue=354°, size=0.30, edge=0.04, spread=0.193, adj=0.01, aspect=1.12, container=False",auto_high,0.1933,0.0094,1.121,False,tint,0.5694,0.6833,0.7000,0.2000,0.0000,0.0000,0.5000,0.6000,0.0000,1.0000,0.1338,0.6819,0.0000,0.2965,0.0386,0.0000,0.0122,0.3752,0.0395,0.2559
rmd_juicy_lasting_20,rom&nd,juicy_lasting,20,ダークココナッツ(DARK COCONUT),https://cloudflare.lipscosme.com/image/42b911d58c3026edfdcb68ea-1607592719.png?auto=avif%2Cwebp&fio=1&orient=1&width=1424,218085,https://lipscosme.com/product_patterns/218085,"イエベ秋,ブルベ冬",,20.01,21.71,14.19,,,,,,,,,,"sat=0.65, hue=6°, size=0.27, edge=0.04, spread=0.231, adj=0.13, aspect=1.15, container=False",auto_low,0.2307,0.1323,1.148,False,tint,0.4323,0.5187,0.7000,0.2000,0.0000,0.0000,0.5000,0.6000,0.0000,1.0000,0.0000,0.4929,0.0000,0.7497,0.0000,0.0000,0.0000,0.2649,0.0000,0.6662
rmd_juicy_lasting_21,rom&nd,juicy_lasting,21,ディープサングリア(DEEP SANGRIA),https://cloudflare.lipscosme.com/image/7ba62d5c6d808571064af5d9-1607513215.png?auto=avif%2Cwebp&fio=1&orient=1&width=1424,218086,https://lipscosme.com/product_patterns/218086,"ブルベ冬,イエベ春,イエベ秋",,16.00,28.71,12.96,,,,,,,,,,"sat=0.78, hue=354°, size=0.35, edge=0.04, spread=0.228, adj=0.10, aspect=1.14, container=False",auto_high,0.2283,0.0978,1.140,False,tint,0.5250,0.6300,0.7000,0.2000,0.0000,0.0000,0.5000,0.6000,0.0000,1.0000,0.0626,0.6217,0.0000,0.8500,0.0000,0.0000,0.0000,0.3392,0.0000,0.7408
rmd_juicy_lasting_22,rom&nd,juicy_lasting,22,ポメロスキン(POMELO SKIN),https://cloudflare.lipscosme.com/image/07738b6ec17d85d2d417de1b-1675060810.png?auto=avif%2Cwebp&fio=1&orient=1&width=1424,233625,https://lipscosme.com/product_patterns/233625,"イエベ春,イエベ秋",,53.74,34.89,24.99,,,,,,,,,,"sat=0.55, hue=9°, size=0.22, edge=0.03, spread=0.204, adj=0.00, aspect=1.16, container=False",auto_low,0.2036,0.0025,1.160,False,tint,0.7153,0.8583,0.7000,0.2000,0.0000,0.0000,0.5000,0.6000,0.0000,1.0000,0.0000,0.8034,0.3435,0.0000,0.3713,0.3863,0.0526,0.5777,0.4475,0.0000
rmd_juicy_lasting_23,rom&nd,juicy_lasting,23,ヌカダミア(NUCADAMIA),https://cloudflare.lipscosme.com/image/cd521586a767fbbb611b4b8c-1710472918.png?auto=avif%2Cwebp&fio=1&orient=1&width=1424,233626,https://lipscosme.com/product_patterns/233626,"イエベ秋,イエベ春",,54.58,38.93,20.45,,,,,,,,,,"sat=0.51, hue=2°, size=0.16, edge=0.04, spread=0.173, adj=0.03, aspect=1.09, container=False",auto_low,0.1731,0.0328,1.087,False,tint,0.7329,0.8795,0.7000,0.2000,0.0000,0.0000,0.5000,0.6000,0.0000,1.0000,0.0351,0.8579,0.3645,0.0000,0.2966,0.4378,0.0357,0.6351,0.3817,0.0000
rmd_juicy_lasting_24,rom&nd,juicy_lasting,24,ピーリングエンドゥ(PEELING ANGDOO),https://cloudflare.lipscosme.com/image/bbc6ab31609ffd37ed914a41-1710472926.png?auto=avif%2Cwebp&fio=1&orient=1&width=1424,233627,https://lipscosme.com/product_patterns/233627,"ブルベ夏,ブルベ冬",,42.31,44.55,19.29,,,,,,,,,,"sat=0.63, hue=356°, size=0.21, edge=0.04, spread=0.186, adj=0.02, aspect=1.09, container=False",auto_low,0.1863,0.0208,1.095,False,tint,0.8091,0.9709,0.7000,0.2000,0.0000,0.0000,0.5000,0.6000,0.0000,1.0000,0.1114,0.9605,0.0578,0.1922,0.0266,0.0777,0.0008,0.5550,0.0384,0.1543
rmd_juicy_lasting_25,rom&nd,juicy_lasting,25,ベアグレープ(BARE GRAPE),https://cloudflare.lipscosme.com/image/14031bdc9aed10777503dae8-1675059816.png?auto=avif%2Cwebp&fio=1&orient=1&width=1424,233628,https://lipscosme.com/product_patterns/233628,"ブルベ夏,ブルベ冬",,52.14,47.40,10.12,,,,,,,,,,"sat=0.57, hue=348°, size=0.18, edge=0.03, spread=0.204, adj=0.00, aspect=1.07, container=False",auto_low,0.2041,0.0007,1.070,False,tint,0.8078,0.9694,0.7000,0.2000,0.0000,0.0000,0.5000,0.6000,0.0000,1.0000,0.2987,0.9681,0.3035,0.0000,0.0854,0.4113,0.0026,0.7015,0.1240,0.0000
rmd_juicy_lasting_26,rom&nd,juicy_lasting,26,ベリーベリーピンク(VERY BERRY PINK),https://cloudflare.lipscosme.com/image/f54f02e533e0a1f060146993-1631632689.png?auto=avif%2Cwebp&fio=1&orient=1&width=1424,241055,https://lipscosme.com/product_patterns/241055,"ブルベ夏,ブルベ冬",,58.15,72.48,-2.52,,,,,,,,,,"sat=0.72, hue=334°, size=0.17, edge=0.03, spread=0.175, adj=0.00, aspect=0.83, container=False",auto_low,0.1749,0.0000,0.834,False,tint,1.0000,1.0000,0.7000,0.2000,0.0000,0.0000,0.5000,0.6000,0.0000,1.0000,0.7684,1.0000,0.4537,0.0000,0.0000,0.6352,0.0000,1.0000,0.0000,0.0000
rmd_juicy_lasting_27,rom&nd,juicy_lasting,27,ピンクポプシクル(PINK POPSICLE),https://cloudflare.lipscosme.com/image/06ed4eab0102c0e074fc6e9c-1631632753.png?auto=avif%2Cwebp&fio=1&orient=1&width=1424,241056,https://lipscosme.com/product_patterns/241056,"ブルベ冬,ブルベ夏",,50.79,74.64,3.47,,,,,,,,,,"sat=0.86, hue=334°, size=0.16, edge=0.03, spread=0.182, adj=0.00, aspect=1.02, container=False",auto_low,0.1817,0.0000,1.022,False,tint,1.0000,1.0000,0.7000,0.2000,0.0000,0.0000,0.5000,0.6000,0.0000,1.0000,0.6863,1.0000,0.2697,0.0000,0.0000,0.3776,0.0000,1.0000,0.0000,0.0000
rmd_juicy_lasting_28,rom&nd,juicy_lasting,28,ベアフィグ(BARE FIG),https://cloudflare.lipscosme.com/image/4177f7d41542db053ef2d338-1667098561.png?auto=avif%2Cwebp&fio=1&orient=1&width=1424,348990,https://lipscosme.com/product_patterns/348990,"ブルベ夏,ブルベ冬,イエベ春",,55.94,49.03,3.96,,,,,,,,,,"sat=0.55, hue=343°, size=0.23, edge=0.02, spread=0.165, adj=0.00, aspect=0.97, container=False",auto_low,0.1651,0.0040,0.974,False,tint,0.8198,0.9838,0.7000,0.2000,0.0000,0.0000,0.5000,0.6000,0.0000,1.0000,0.4217,0.9677,0.3985,0.0000,0.0357,0.5399,0.0006,0.7610,0.0518,0.0000
rmd_juicy_lasting_29,rom&nd,juicy_lasting,29,パパイヤジャム(PAPAYA JAM),https://cloudflare.lipscosme.com/image/fa60ac57ff0ce1a1d3911b66-1667098597.png?auto=avif%2Cwebp&fio=1&orient=1&width=1424,348991,https://lipscosme.com/product_patterns/348991,イエベ春,,55.33,46.92,34.10,,,,,,,,,,"sat=0.65, hue=8°, size=0.24, edge=0.01, spread=0.149, adj=0.00, aspect=0.87, container=False",auto_low,0.1493,0.0014,0.873,False,tint,0.9667,1.0000,0.7000,0.2000,0.0000,0.0000,0.5000,0.6000,0.0000,1.0000,0.0000,1.0000,0.3832,0.0000,0.0000,0.5365,0.0000,0.8012,0.0000,0.0000
rmd_juicy_lasting_31,rom&nd,juicy_lasting,31,ベアアプリコット(BARE APRICOT),https://cloudflare.lipscosme.com/image/55bbedfb5c000d9faa1f1b00-1691550345.png?auto=avif%2Cwebp&fio=1&orient=1&width=1424,372495,https://lipscosme.com/product_patterns/372495,イエベ春,,79.55,28.22,8.84,,,,,,,,,,"sat=0.30, hue=356°, size=0.20, edge=0.02, spread=0.157, adj=0.05, aspect=1.26, container=False",auto_low,0.1570,0.0466,1.260,False,tint,0.4929,0.5914,0.7000,0.2000,0.0000,0.0000,0.5000,0.6000,0.0000,1.0000,0.1291,0.5909,0.9887,0.0000,0.0000,0.8180,0.0000,0.6480,0.0000,0.0000
